month,policyrate,interbank,repurchase_1d,repurchase_7d,repurchase_14d,BIBOR_1w,BIBOR_1m,BIBOR_2m,BIBOR_3m,BIBOR_6m,BIBOR_1y,tbill_1m,tbill_3m,tbill_6m,tbond_1y,tbond_2y,tbond_3y,tbond_4y,tbond_5y,tbond_6y,tbond_7y,tbond_8y,tbond_9y,tbond_10y,tbond_11y,tbond_12y,tbond_13y,tbond_14y,tbond_154y,MLR
1/1/2005,2,1.89,1.85,1.98,2,2.2,2.32,2.39,2.46,2.58,2.92,1.78,1.95,2.22,2.5,2.88,3.28,3.66,4.11,4.29,4.53,4.69,4.77,4.89,4.97,5.03,5.08,5.11,5.14,4.73
2/1/2005,2,1.88,1.84,1.97,2,2.2,2.36,2.44,2.53,2.67,2.98,1.83,1.98,2.2,2.46,2.94,3.33,3.68,4.08,4.24,4.46,4.63,4.71,4.84,4.91,4.97,5.02,5.05,5.09,4.63
3/1/2005,2.25,1.93,1.81,2.04,2.24,2.25,2.44,2.53,2.62,2.8,3.08,1.91,2.07,2.26,2.54,2.96,3.29,3.56,3.9,4.03,4.26,4.41,4.5,4.68,4.76,4.82,4.87,4.9,4.94,4.62
4/1/2005,2.25,2.05,2.08,2.12,2.25,2.28,2.45,2.54,2.63,2.83,3.13,2.1,2.19,2.33,2.61,2.97,3.26,3.48,3.74,3.86,4.11,4.24,4.34,4.51,4.58,4.64,4.7,4.76,4.82,4.51
5/1/2005,2.25,2.19,2.25,2.25,2.25,2.33,2.48,2.55,2.65,2.85,3.14,2.28,2.41,2.59,2.86,3.13,3.3,3.46,3.65,3.79,4.02,4.08,4.13,4.28,4.37,4.45,4.53,4.59,4.65,4.36
6/1/2005,2.5,2.35,2.42,2.45,2.46,2.49,2.58,2.63,2.72,2.88,3.15,2.23,2.4,2.61,2.86,3.14,3.32,3.41,3.56,3.71,3.82,3.9,3.93,4.06,4.13,4.2,4.28,4.33,4.4,4.38
7/1/2005,2.75,2.53,2.55,2.58,2.6,2.69,2.78,2.83,2.91,3.05,3.31,2.58,2.74,2.87,3.12,3.45,3.61,3.73,3.88,4.01,4.17,4.22,4.3,4.39,4.45,4.52,4.6,4.69,4.74,4.51
8/1/2005,2.75,2.68,2.7,2.73,2.75,2.82,3,3.12,3.24,3.48,3.79,2.51,2.77,3.08,3.44,3.96,4.25,4.33,4.45,4.57,4.74,4.78,4.84,4.92,4.97,5.05,5.15,5.25,5.3,4.64
9/1/2005,3.25,3.07,3.1,3.14,3.22,3.27,3.51,3.63,3.76,4.01,4.31,2.61,2.94,3.24,3.5,4.22,4.57,4.67,4.78,4.85,4.94,5,5.09,5.17,5.23,5.32,5.41,5.52,5.57,4.77
10/1/2005,3.75,3.37,3.39,3.44,3.47,3.61,3.84,3.95,4.12,4.45,4.86,3.02,3.24,3.75,4.01,4.8,5.12,5.37,5.52,5.69,5.87,5.92,6.02,6.08,6.11,6.15,6.2,6.27,6.32,4.99
11/1/2005,3.75,3.67,3.69,3.75,3.75,3.81,4,4.15,4.3,4.66,5.15,3.4,3.52,3.99,4.28,5.21,5.52,5.73,5.95,6.09,6.19,6.23,6.3,6.4,6.46,6.54,6.62,6.7,6.75,5.1
12/1/2005,4,3.8,3.85,3.91,3.94,4.01,4.19,4.32,4.44,4.7,5.18,3.46,3.77,4.05,4.4,5.07,5.28,5.37,5.49,5.57,5.64,5.67,5.71,5.8,5.84,5.89,5.94,5.98,6.04,5.35
1/1/2006,4.25,3.97,4.03,4.1,4.13,4.21,4.35,4.44,4.53,4.76,5.15,3.81,3.98,4.13,4.47,4.89,5.02,5.1,5.2,5.27,5.32,5.38,5.45,5.5,5.54,5.58,5.63,5.67,5.72,5.55
2/1/2006,4.25,4.14,4.11,4.22,4.25,4.31,4.48,4.57,4.67,4.87,5.18,3.9,4.01,4.14,4.47,4.93,5.01,5.06,5.15,5.22,5.26,5.34,5.41,5.46,5.54,5.59,5.65,5.7,5.74,5.65
3/1/2006,4.5,4.31,4.31,4.41,4.45,4.53,4.7,4.8,4.9,5.09,5.37,4.1,4.3,4.39,4.67,5.01,5.06,5.1,5.15,5.18,5.2,5.26,5.31,5.36,5.44,5.5,5.57,5.63,5.69,5.94
4/1/2006,4.75,4.56,4.56,4.65,4.7,4.77,4.95,5.03,5.14,5.3,5.55,4.54,4.74,4.91,5.16,5.37,5.43,5.48,5.52,5.56,5.6,5.65,5.69,5.71,5.79,5.86,5.94,6,6.07,6.18
5/1/2006,4.75,4.61,4.63,4.69,4.75,4.85,5.04,5.14,5.24,5.39,5.6,4.66,4.76,4.85,5.05,5.27,5.31,5.34,5.38,5.4,5.42,5.46,5.49,5.51,5.58,5.66,5.73,5.78,5.85,6.26
6/1/2006,5,4.76,4.82,4.94,4.95,5.04,5.18,5.27,5.35,5.48,5.64,4.82,4.95,5.06,5.15,5.35,5.4,5.43,5.46,5.48,5.5,5.55,5.57,5.59,5.63,5.67,5.72,5.76,5.81,6.3
7/1/2006,5,4.88,4.86,4.97,5,5.14,5.29,5.35,5.41,5.51,5.65,4.9,4.96,5.09,5.21,5.36,5.41,5.44,5.48,5.5,5.52,5.56,5.59,5.61,5.65,5.68,5.71,5.75,5.81,6.37
8/1/2006,5,4.87,4.86,4.97,5,5.13,5.3,5.35,5.4,5.5,5.61,4.86,4.91,5,5.14,5.26,5.29,5.32,5.34,5.37,5.39,5.43,5.44,5.46,5.51,5.54,5.58,5.61,5.65,6.48
9/1/2006,5,4.88,4.86,4.98,5,5.12,5.27,5.31,5.35,5.4,5.43,4.91,4.94,4.95,4.98,5.06,5.08,5.09,5.11,5.12,5.14,5.17,5.19,5.21,5.24,5.26,5.28,5.3,5.32,6.48
10/1/2006,5,4.95,4.89,4.98,5,5.12,5.23,5.25,5.27,5.29,5.3,4.93,4.95,4.94,4.92,4.99,5.01,5.04,5.06,5.08,5.1,5.14,5.16,5.18,5.21,5.23,5.26,5.28,5.31,6.62
11/1/2006,5,4.93,4.9,4.97,5,5.12,5.22,5.25,5.25,5.27,5.27,4.85,4.85,4.84,4.79,4.82,4.82,4.84,4.85,4.86,4.88,4.91,4.94,4.99,5.03,5.07,5.11,5.13,5.16,6.65
12/1/2006,5,4.85,4.89,4.96,5,5.12,5.22,5.24,5.24,5.24,5.23,4.85,4.85,4.83,4.81,4.84,4.83,4.85,4.87,4.88,4.91,4.95,4.98,5.04,5.1,5.17,5.23,5.26,5.31,6.65
1/1/2007,4.75,4.84,4.84,4.89,4.89,5,5.11,5.13,5.13,5.11,5.08,4.83,4.78,4.74,4.7,4.73,4.74,4.77,4.78,4.8,4.84,4.9,4.95,5.02,5.1,5.18,5.23,5.25,5.32,6.71
2/1/2007,4.5,4.73,4.74,4.75,4.74,4.86,4.95,4.95,4.95,4.92,4.84,4.71,4.58,4.53,4.5,4.5,4.48,4.5,4.52,4.54,4.56,4.59,4.61,4.63,4.67,4.71,4.76,4.8,4.84,6.68
3/1/2007,4.5,4.48,4.5,4.54,4.53,4.63,4.7,4.6,4.54,4.45,4.36,4.32,4.19,4.12,4.05,4.03,4.05,4.09,4.12,4.15,4.18,4.22,4.25,4.29,4.35,4.45,4.49,4.51,4.54,6.53
4/1/2007,4,4.17,4.17,4.15,4.11,4.32,4.37,4.32,4.25,4.18,4.09,3.79,3.7,3.66,3.65,3.64,3.68,3.74,3.78,3.82,3.87,3.93,3.99,4.05,4.14,4.25,4.32,4.39,4.41,6.33
5/1/2007,3.5,3.88,3.85,3.83,3.8,3.99,4,3.98,3.95,3.9,3.82,3.38,3.28,3.25,3.24,3.26,3.32,3.37,3.42,3.46,3.52,3.58,3.64,3.7,3.79,3.91,4,4.11,4.14,6.14
6/1/2007,3.5,3.48,3.5,3.53,3.53,3.68,3.75,3.75,3.75,3.76,3.74,2.89,2.94,3.02,3.15,3.38,3.5,3.67,3.8,3.93,4.08,4.18,4.25,4.32,4.45,4.57,4.66,4.75,4.78,6.02
7/1/2007,3.25,3.37,3.39,3.39,3.39,3.56,3.66,3.68,3.69,3.72,3.75,3.09,3.05,3.14,3.29,3.5,3.73,3.96,4.12,4.27,4.38,4.49,4.56,4.6,4.67,4.77,4.82,4.86,4.87,5.93
8/1/2007,3.25,3.2,3.25,3.25,3.25,3.38,3.5,3.53,3.57,3.63,3.69,3.08,3.01,3.1,3.29,3.44,3.66,3.89,4.13,4.32,4.46,4.58,4.7,4.74,4.84,4.92,4.97,5.01,5.02,5.84
9/1/2007,3.25,3.22,3.25,3.25,3.25,3.38,3.5,3.52,3.55,3.62,3.69,3.01,3.03,3.11,3.35,3.44,3.6,3.79,4.02,4.2,4.36,4.52,4.6,4.67,4.8,4.92,4.96,4.99,5,5.79
10/1/2007,3.25,3.2,3.25,3.25,3.25,3.39,3.5,3.53,3.57,3.63,3.71,3.08,3.07,3.2,3.46,3.62,3.81,3.97,4.2,4.43,4.55,4.7,4.78,4.86,4.99,5.08,5.11,5.13,5.15,5.77
11/1/2007,3.25,3.23,3.25,3.25,3.25,3.38,3.51,3.57,3.62,3.68,3.78,3.13,3.13,3.25,3.59,3.97,4.17,4.28,4.48,4.76,4.9,5.01,5.09,5.14,5.22,5.28,5.31,5.35,5.37,5.74
12/1/2007,3.25,3.2,3.25,3.25,3.25,3.37,3.74,3.84,3.89,3.93,4.04,3.11,3.16,3.29,3.64,4.03,4.21,4.4,4.62,4.78,4.85,5,5.09,5.13,5.23,5.31,5.36,5.42,5.45,5.7
1/1/2008,3.25,3.16,3.25,3.25,3.25,3.31,3.45,3.51,3.57,3.65,3.79,3.11,3.13,3.2,3.29,3.47,3.64,3.84,4.03,4.2,4.31,4.41,4.47,4.51,4.64,4.76,4.83,4.89,4.93,5.7
2/1/2008,3.25,3.18,3.25,3.22,3.25,3.27,3.29,3.31,3.32,3.34,3.38,3.06,3.03,3.02,3,3.08,3.21,3.42,3.64,3.8,3.94,4.07,4.18,4.26,4.37,4.47,4.53,4.59,4.67,5.65
3/1/2008,3.25,3.17,3.25,3.25,3.25,3.25,3.26,3.27,3.27,3.28,3.29,3.01,2.93,2.9,2.89,3,3.12,3.34,3.59,3.78,3.99,4.19,4.35,4.45,4.59,4.69,4.76,4.83,4.93,5.62
4/1/2008,3.25,3.16,3.25,3.25,3.25,3.25,3.25,3.26,3.27,3.28,3.29,3.03,2.98,3.02,3.07,3.28,3.45,3.64,3.93,4.14,4.33,4.46,4.58,4.65,4.79,4.9,5,5.04,5.1,5.63
5/1/2008,3.25,3.15,3.25,3.25,3.25,3.26,3.27,3.29,3.3,3.35,3.46,3.11,3.13,3.2,3.45,3.8,3.96,4.07,4.27,4.58,4.72,4.82,4.89,4.94,5.09,5.21,5.31,5.33,5.38,5.72
6/1/2008,3.25,3.12,3.25,3.25,3.25,3.27,3.34,3.43,3.53,3.68,3.97,3.21,3.28,3.42,3.94,4.63,4.97,5.18,5.4,5.57,5.67,5.72,5.77,5.83,5.92,5.99,6.03,6.06,6.11,5.88
7/1/2008,3.5,3.31,3.38,3.4,3.44,3.43,3.53,3.61,3.73,3.94,4.31,3.33,3.42,3.57,3.97,4.59,4.82,5.03,5.23,5.38,5.45,5.48,5.53,5.59,5.74,5.85,5.93,5.96,6.04,5.92
8/1/2008,3.75,3.45,3.54,3.53,3.54,3.58,3.63,3.68,3.77,3.97,4.22,3.55,3.58,3.62,3.72,4.06,4.23,4.44,4.61,4.73,4.78,4.79,4.81,4.87,5.03,5.16,5.28,5.32,5.4,5.98
9/1/2008,3.75,3.7,3.75,3.75,3.75,3.79,3.82,3.83,3.87,3.95,4.13,3.77,3.77,3.78,3.81,3.99,4.1,4.21,4.34,4.44,4.49,4.51,4.52,4.56,4.67,4.75,4.84,4.87,4.93,6.06
10/1/2008,3.75,3.67,3.75,3.75,3.75,3.9,3.95,3.98,3.99,4.02,4.17,3.51,3.52,3.52,3.51,3.59,3.67,3.8,3.93,4.02,4.12,4.18,4.2,4.29,4.44,4.52,4.6,4.64,4.72,6.15
11/1/2008,3.75,3.59,3.75,3.75,3.74,3.88,3.93,3.96,3.97,3.99,4.07,3.31,3.27,3.24,3.21,3.24,3.29,3.39,3.48,3.58,3.7,3.78,3.8,3.9,4.06,4.17,4.24,4.29,4.38,6.21
12/1/2008,2.75,2.71,2.85,2.85,2.83,2.97,3.07,3.1,3.13,3.19,3.27,2.47,2.39,2.32,2.26,2.26,2.3,2.4,2.48,2.56,2.67,2.73,2.74,2.84,3.01,3.12,3.22,3.28,3.36,5.82
1/1/2009,2,2.12,2.26,2.24,2.21,2.36,2.42,2.45,2.48,2.52,2.56,2.01,1.95,1.86,1.8,1.91,2.06,2.27,2.37,2.56,2.83,3,3.09,3.24,3.4,3.5,3.64,3.79,3.95,5.6
2/1/2009,1.5,1.76,1.92,1.9,1.85,2.03,2.08,2.11,2.13,2.16,2.19,1.57,1.52,1.51,1.52,1.7,1.95,2.24,2.41,2.64,2.95,3.22,3.46,3.61,3.78,3.88,4.06,4.31,4.43,5.43
3/1/2009,1.5,1.29,1.5,1.49,1.48,1.63,1.72,1.76,1.8,1.87,1.96,1.17,1.18,1.19,1.2,1.42,1.88,2.31,2.58,2.9,3.22,3.51,3.72,3.9,4.09,4.22,4.41,4.66,4.75,5.2
4/1/2009,1.25,1.04,1.31,1.29,1.26,1.4,1.48,1.52,1.57,1.66,1.79,0.91,0.93,0.97,1.01,1.21,1.65,2.06,2.34,2.66,2.9,3.14,3.31,3.54,3.78,4.02,4.1,4.21,4.29,5.04
5/1/2009,1.25,1.02,1.25,1.22,1.2,1.3,1.35,1.39,1.44,1.53,1.68,1.05,1.06,1.08,1.14,1.44,1.77,2.31,2.57,2.89,3.15,3.38,3.56,3.79,3.98,4.17,4.23,4.36,4.43,4.91
6/1/2009,1.25,1.02,1.25,1.25,1.25,1.27,1.3,1.35,1.4,1.5,1.63,1.07,1.13,1.26,1.39,2.08,2.53,3,3.17,3.43,3.61,3.78,3.88,3.96,4.19,4.33,4.38,4.51,4.59,4.84
7/1/2009,1.25,1.06,1.25,1.25,1.25,1.27,1.29,1.33,1.39,1.5,1.66,1.08,1.13,1.25,1.43,1.87,2.41,2.75,2.95,3.22,3.38,3.54,3.68,3.74,3.99,4.17,4.22,4.35,4.43,4.53
8/1/2009,1.25,1.06,1.25,1.25,1.25,1.26,1.28,1.31,1.37,1.5,1.66,1.07,1.12,1.25,1.43,1.91,2.45,2.9,3.09,3.35,3.5,3.69,3.8,3.93,4.09,4.23,4.27,4.37,4.42,4.5
9/1/2009,1.25,1.12,1.25,1.25,1.25,1.26,1.28,1.31,1.36,1.5,1.67,1.13,1.23,1.33,1.51,2.05,2.54,2.93,3.21,3.45,3.6,3.8,3.89,4.03,4.21,4.33,4.37,4.44,4.47,4.47
10/1/2009,1.25,0.99,1.25,1.25,1.25,1.26,1.28,1.32,1.36,1.5,1.68,1.11,1.22,1.37,1.59,2.17,2.65,3.29,3.63,3.81,3.92,4.07,4.16,4.29,4.49,4.59,4.62,4.67,4.68,4.47
11/1/2009,1.25,0.98,1.25,1.25,1.25,1.26,1.28,1.32,1.36,1.5,1.71,1.15,1.25,1.41,1.6,2.2,2.68,3.3,3.64,3.91,4.05,4.21,4.31,4.46,4.53,4.62,4.65,4.71,4.73,4.4
12/1/2009,1.25,1,1.25,1.25,1.25,1.26,1.28,1.32,1.35,1.5,1.7,1.12,1.2,1.34,1.52,2.17,2.76,3.26,3.57,3.79,4.03,4.15,4.21,4.37,4.46,4.56,4.6,4.67,4.71,4.35
1/1/2010,1.25,0.96,1.25,1.25,1.25,1.26,1.27,1.31,1.35,1.5,1.68,1.09,1.17,1.29,1.48,2,2.59,3.09,3.36,3.59,3.82,3.94,4,4.17,4.25,4.34,4.4,4.47,4.52,4.34
2/1/2010,1.25,0.98,1.25,1.25,1.25,1.26,1.27,1.3,1.35,1.5,1.68,1.21,1.25,1.39,1.58,2.1,2.57,3.05,3.35,3.59,3.78,3.86,3.9,4.05,4.09,4.15,4.19,4.22,4.25,4.33
3/1/2010,1.25,0.99,1.25,1.25,1.25,1.26,1.27,1.31,1.35,1.51,1.7,1.2,1.24,1.41,1.61,2.22,2.71,3.15,3.46,3.65,3.82,3.88,3.96,4.05,4.06,4.11,4.15,4.18,4.2,4.32
4/1/2010,1.25,1,1.25,1.25,1.25,1.26,1.27,1.34,1.39,1.55,1.76,1.12,1.19,1.36,1.62,2.2,2.65,3.04,3.28,3.45,3.59,3.63,3.67,3.8,3.88,3.92,3.99,4.03,4.05,4.31
5/1/2010,1.25,1.02,1.25,1.25,1.25,1.26,1.27,1.33,1.38,1.55,1.75,1.12,1.21,1.33,1.59,2.17,2.6,3.02,3.17,3.32,3.48,3.53,3.55,3.69,3.77,3.8,3.85,3.87,3.91,4.31
6/1/2010,1.25,1.01,1.25,1.25,1.25,1.26,1.27,1.34,1.39,1.55,1.75,1.12,1.19,1.3,1.53,2.12,2.44,2.85,3.04,3.12,3.24,3.28,3.23,3.42,3.52,3.55,3.62,3.65,3.7,4.27
7/1/2010,1.5,1.25,1.4,1.4,1.32,1.4,1.43,1.49,1.55,1.71,1.89,1.32,1.42,1.57,1.79,2.33,2.65,2.95,3.07,3.14,3.24,3.29,3.3,3.41,3.49,3.53,3.6,3.64,3.69,4.38
8/1/2010,1.75,1.39,1.56,1.57,1.6,1.58,1.65,1.71,1.77,1.91,2.07,1.46,1.59,1.78,1.99,2.45,2.72,2.88,2.93,3.01,3.1,3.14,3.22,3.31,3.37,3.41,3.5,3.54,3.59,4.41
9/1/2010,1.75,1.53,1.75,1.75,1.75,1.77,1.78,1.83,1.89,1.99,2.14,1.58,1.68,1.81,1.99,2.39,2.59,2.7,2.73,2.81,2.87,2.94,3.02,3.1,3.15,3.18,3.27,3.31,3.38,4.4
10/1/2010,1.75,1.55,1.75,1.75,1.75,1.77,1.8,1.85,1.91,2,2.15,1.61,1.69,1.81,2,2.32,2.46,2.57,2.58,2.69,2.8,2.88,2.97,3.03,3.1,3.15,3.23,3.3,3.36,4.38
11/1/2010,1.75,1.53,1.75,1.75,1.74,1.77,1.8,1.85,1.9,2,2.15,1.65,1.73,1.85,2.08,2.37,2.57,2.78,2.91,3.09,3.23,3.32,3.42,3.48,3.53,3.57,3.64,3.68,3.71,4.39
12/1/2010,2,1.8,2,2,1.99,2,2.03,2.08,2.13,2.21,2.37,1.9,1.95,2.08,2.3,2.7,2.98,3.15,3.28,3.44,3.53,3.6,3.7,3.74,3.8,3.86,3.95,3.98,4.01,4.45
1/1/2011,2.25,1.97,2.18,2.18,2.13,2.18,2.21,2.26,2.31,2.41,2.6,1.95,2.02,2.23,2.55,2.88,3.1,3.22,3.27,3.47,3.55,3.6,3.73,3.79,3.86,3.93,4,4.04,4.09,4.59
2/1/2011,2.25,2.11,2.25,2.25,2.24,2.26,2.32,2.4,2.46,2.57,2.73,2.05,2.17,2.35,2.61,3.05,3.3,3.44,3.48,3.63,3.68,3.71,3.82,3.88,3.99,4.06,4.12,4.16,4.17,4.64
3/1/2011,2.5,2.23,2.43,2.43,2.41,2.46,2.52,2.59,2.66,2.77,2.89,2.18,2.39,2.61,2.75,3.04,3.26,3.36,3.41,3.58,3.66,3.69,3.78,3.83,3.87,4.01,4.07,4.1,4.13,4.79
4/1/2011,2.75,2.34,2.62,2.62,2.59,2.64,2.7,2.76,2.82,2.93,3.04,2.37,2.54,2.75,2.88,3.13,3.23,3.29,3.37,3.52,3.62,3.65,3.71,3.72,3.74,3.9,3.98,4.01,4.07,4.9
5/1/2011,2.75,2.53,2.75,2.76,2.74,2.78,2.85,2.93,3.01,3.13,3.26,2.47,2.65,2.88,3.09,3.27,3.36,3.43,3.48,3.57,3.67,3.7,3.76,3.79,3.84,3.9,3.96,3.97,4.03,4.95
6/1/2011,3,2.84,3,3,3,3,3.06,3.14,3.21,3.33,3.45,2.76,2.92,3.14,3.29,3.44,3.51,3.57,3.61,3.66,3.72,3.74,3.79,3.8,3.83,3.88,3.91,3.91,3.96,5.05
7/1/2011,3.25,3.02,3.16,3.2,3.21,3.18,3.24,3.33,3.42,3.56,3.68,2.96,3.17,3.41,3.6,3.72,3.8,3.85,3.87,3.92,3.97,3.99,4,4.01,4.02,4.05,4.06,4.07,4.1,5.23
8/1/2011,3.5,3.18,3.32,3.33,3.36,3.33,3.4,3.47,3.54,3.67,3.79,3.19,3.32,3.45,3.5,3.5,3.48,3.49,3.51,3.53,3.58,3.6,3.61,3.6,3.64,3.71,3.74,3.77,3.82,5.33
9/1/2011,3.5,3.37,3.5,3.5,3.5,3.51,3.52,3.55,3.6,3.68,3.76,3.42,3.45,3.51,3.53,3.53,3.49,3.47,3.51,3.55,3.6,3.63,3.65,3.68,3.71,3.75,3.76,3.79,3.82,5.4
10/1/2011,3.5,3.38,3.5,3.5,3.5,3.51,3.52,3.54,3.58,3.64,3.72,3.47,3.46,3.47,3.44,3.42,3.39,3.35,3.4,3.39,3.49,3.53,3.54,3.51,3.58,3.65,3.68,3.7,3.76,5.37
11/1/2011,3.25,3.42,3.49,3.49,3.46,3.48,3.48,3.48,3.49,3.5,3.52,3.42,3.35,3.31,3.26,3.24,3.24,3.2,3.26,3.32,3.35,3.4,3.42,3.43,3.47,3.53,3.55,3.62,3.66,5.4
12/1/2011,3.25,3.15,3.25,3.25,3.25,3.26,3.26,3.27,3.28,3.3,3.32,3.19,3.17,3.16,3.1,3.07,3.04,2.99,3.12,3.18,3.22,3.27,3.29,3.28,3.37,3.46,3.52,3.59,3.64,5.35
1/1/2012,3,3.1,3.19,3.17,3.15,3.19,3.18,3.18,3.19,3.22,3.25,3.1,3.08,3.09,3.06,3.08,3.05,3.04,3.12,3.15,3.18,3.22,3.23,3.23,3.32,3.39,3.45,3.49,3.56,5.32
2/1/2012,3,2.9,3,3,3,3.01,3.03,3.05,3.08,3.15,3.21,3.02,3.02,3.05,3.05,3.1,3.12,3.13,3.18,3.26,3.28,3.31,3.31,3.33,3.37,3.44,3.47,3.5,3.54,5.25
3/1/2012,3,2.88,3,3,3,3.02,3.04,3.06,3.09,3.17,3.25,3.01,3.02,3.06,3.11,3.23,3.38,3.43,3.51,3.62,3.64,3.67,3.68,3.69,3.75,3.8,3.82,3.84,3.87,5.25
4/1/2012,3,2.91,3,3,3,3.02,3.04,3.08,3.13,3.22,3.31,3.01,3.05,3.12,3.15,3.34,3.47,3.52,3.58,3.68,3.71,3.77,3.79,3.82,3.9,3.95,3.97,4,4.04,5.24
5/1/2012,3,2.92,3,3,3,3.02,3.05,3.08,3.14,3.24,3.34,2.98,3.04,3.13,3.17,3.33,3.45,3.49,3.56,3.68,3.73,3.77,3.79,3.82,3.91,3.95,3.98,4.01,4.05,5.23
6/1/2012,3,2.94,3,3,3,3.02,3.05,3.08,3.14,3.24,3.34,2.96,3.03,3.1,3.15,3.22,3.28,3.32,3.38,3.47,3.53,3.58,3.59,3.62,3.76,3.82,3.86,3.91,3.93,5.23
7/1/2012,3,2.94,3,3,3,3.02,3.05,3.08,3.14,3.24,3.34,2.97,3.02,3.09,3.11,3.17,3.19,3.21,3.25,3.31,3.35,3.37,3.38,3.42,3.5,3.54,3.57,3.6,3.6,5.22
8/1/2012,3,2.92,3,3,3,3.02,3.05,3.08,3.13,3.23,3.33,2.92,2.99,3.01,3,3.08,3.11,3.14,3.2,3.26,3.31,3.33,3.34,3.37,3.43,3.47,3.49,3.52,3.53,5.2
9/1/2012,3,2.92,3,3,3,3.02,3.05,3.08,3.13,3.23,3.33,2.89,3.01,3.03,3.01,3.15,3.18,3.24,3.33,3.43,3.55,3.56,3.57,3.62,3.68,3.71,3.75,3.79,3.81,5.21
10/1/2012,2.75,2.83,2.89,2.86,2.84,2.92,2.95,2.98,3.03,3.13,3.22,2.88,2.93,2.96,2.96,3.06,3.07,3.15,3.23,3.32,3.37,3.4,3.42,3.47,3.52,3.59,3.66,3.71,3.72,5.15
11/1/2012,2.75,2.69,2.75,2.75,2.75,2.77,2.79,2.83,2.87,2.97,3.07,2.72,2.75,2.75,2.74,2.83,2.87,2.98,3.09,3.18,3.27,3.34,3.39,3.46,3.53,3.6,3.67,3.72,3.74,5.1
12/1/2012,2.75,2.69,2.75,2.75,2.75,2.77,2.79,2.83,2.87,2.96,3.06,2.76,2.76,2.77,2.76,2.89,2.94,3.06,3.18,3.26,3.37,3.44,3.49,3.55,3.62,3.69,3.76,3.82,3.86,5.1
1/1/2013,2.75,2.7,2.75,2.75,2.75,2.77,2.79,2.83,2.87,2.96,3.07,2.72,2.73,2.76,2.77,2.9,2.95,3.09,3.23,3.33,3.43,3.51,3.58,3.65,3.74,3.8,3.87,3.94,4,5.08
2/1/2013,2.75,2.71,2.75,2.75,2.75,2.77,2.79,2.82,2.86,2.96,3.06,2.7,2.71,2.72,2.71,2.81,2.88,3.04,3.18,3.29,3.39,3.46,3.51,3.6,3.68,3.74,3.83,3.89,3.98,5.08
3/1/2013,2.75,2.7,2.75,2.75,2.75,2.77,2.79,2.82,2.86,2.95,3.05,2.7,2.71,2.75,2.74,2.83,2.9,3.05,3.19,3.3,3.4,3.46,3.51,3.6,3.67,3.73,3.81,3.86,3.97,5.09
4/1/2013,2.75,2.7,2.75,2.75,2.75,2.77,2.78,2.81,2.85,2.94,3.05,2.7,2.72,2.75,2.74,2.82,2.87,2.98,3.13,3.21,3.31,3.37,3.39,3.45,3.53,3.58,3.64,3.66,3.77,5.11
5/1/2013,2.5,2.68,2.71,2.71,2.67,2.74,2.75,2.77,2.81,2.88,3,2.6,2.6,2.6,2.6,2.7,2.75,2.83,2.98,3.05,3.16,3.25,3.3,3.38,3.46,3.51,3.57,3.59,3.68,5.1
6/1/2013,2.5,2.48,2.5,2.5,2.5,2.52,2.53,2.56,2.6,2.67,2.86,2.55,2.55,2.56,2.57,2.81,2.91,3.14,3.32,3.45,3.57,3.65,3.71,3.79,3.88,3.94,4.01,4.06,4.17,5.07
7/1/2013,2.5,2.47,2.5,2.5,2.5,2.52,2.53,2.56,2.6,2.67,2.86,2.52,2.53,2.54,2.56,2.88,3.03,3.28,3.46,3.54,3.64,3.71,3.75,3.79,3.89,3.94,4.02,4.05,4.16,5.09
8/1/2013,2.5,2.45,2.5,2.5,2.5,2.52,2.53,2.56,2.6,2.67,2.86,2.46,2.49,2.52,2.53,2.88,3.07,3.39,3.59,3.75,3.84,3.94,4.01,4.08,4.15,4.21,4.27,4.32,4.38,5.08
9/1/2013,2.5,2.46,2.5,2.5,2.5,2.52,2.53,2.56,2.6,2.68,2.86,2.49,2.53,2.58,2.6,3.01,3.2,3.46,3.67,3.83,3.94,4.05,4.13,4.21,4.28,4.33,4.38,4.38,4.48,5.1
10/1/2013,2.5,2.46,2.5,2.5,2.5,2.52,2.54,2.57,2.6,2.68,2.87,2.5,2.53,2.59,2.6,2.88,3.09,3.31,3.49,3.61,3.72,3.8,3.86,3.89,3.98,4.04,4.1,4.13,4.22,5.09
11/1/2013,2.25,2.46,2.48,2.48,2.48,2.5,2.52,2.54,2.58,2.67,2.86,2.47,2.5,2.54,2.57,2.81,3.09,3.37,3.58,3.76,3.86,3.94,4.01,4.09,4.14,4.19,4.22,4.23,4.31,5.05
12/1/2013,2.25,2.2,2.25,2.25,2.25,2.27,2.31,2.34,2.39,2.48,2.68,2.3,2.33,2.36,2.38,2.66,3.01,3.27,3.5,3.68,3.8,3.9,4,4.07,4.12,4.16,4.19,4.2,4.27,5.02
1/1/2014,2.25,2.2,2.25,2.25,2.25,2.27,2.31,2.34,2.39,2.47,2.68,2.22,2.23,2.25,2.26,2.48,2.77,3.11,3.36,3.5,3.69,3.79,3.93,4.02,4.07,4.11,4.15,4.18,4.24,5.02
2/1/2014,2.25,2.19,2.25,2.25,2.25,2.27,2.31,2.34,2.39,2.47,2.67,2.22,2.23,2.24,2.25,2.43,2.73,3.07,3.3,3.42,3.63,3.7,3.82,3.91,4,4.07,4.1,4.14,4.17,5.02
3/1/2014,2,2.05,2.08,2.08,2.08,2.12,2.17,2.2,2.25,2.34,2.57,2.09,2.1,2.12,2.13,2.31,2.61,2.98,3.23,3.35,3.57,3.61,3.7,3.8,3.9,3.98,4,4.06,4.09,4.95
4/1/2014,2,1.95,2,2,2,2.03,2.08,2.13,2.18,2.27,2.51,2.02,2.04,2.06,2.08,2.26,2.53,2.91,3.16,3.26,3.44,3.47,3.59,3.68,3.79,3.87,3.88,3.96,3.98,4.97
5/1/2014,2,1.93,2,2,2,2.03,2.08,2.13,2.18,2.28,2.52,2.01,2.03,2.05,2.06,2.23,2.44,2.84,3.04,3.2,3.38,3.45,3.55,3.64,3.73,3.79,3.8,3.86,3.87,4.95
6/1/2014,2,1.96,2,2,2,2.03,2.09,2.14,2.18,2.28,2.54,2.03,2.04,2.07,2.08,2.28,2.48,2.92,3.14,3.33,3.51,3.6,3.71,3.76,3.81,3.84,3.85,3.87,3.89,4.95
7/1/2014,2,1.95,2,2,2,2.03,2.08,2.14,2.18,2.29,2.55,2.02,2.04,2.08,2.12,2.37,2.62,2.97,3.13,3.32,3.47,3.55,3.63,3.7,3.76,3.8,3.82,3.86,3.87,4.98
8/1/2014,2,1.96,2,2,2,2.03,2.08,2.13,2.18,2.29,2.55,2,2.01,2.07,2.11,2.39,2.64,2.95,3.07,3.23,3.35,3.42,3.49,3.57,3.65,3.7,3.73,3.77,3.77,4.98
9/1/2014,2,1.96,2,2,2,2.03,2.09,2.14,2.18,2.29,2.55,2,2.02,2.08,2.11,2.4,2.66,2.94,3.04,3.2,3.31,3.4,3.49,3.56,3.64,3.68,3.72,3.77,3.79,5.11
10/1/2014,2,1.97,2,2,2,2.03,2.09,2.14,2.18,2.29,2.55,2.02,2.04,2.09,2.11,2.3,2.53,2.76,2.8,2.97,3.05,3.12,3.23,3.32,3.37,3.42,3.47,3.56,3.61,5.11
11/1/2014,2,1.95,2,2,2,2.03,2.09,2.14,2.18,2.29,2.55,2.02,2.04,2.06,2.08,2.15,2.34,2.5,2.52,2.69,2.75,2.82,2.93,3.04,3.12,3.19,3.26,3.35,3.41,5.11
12/1/2014,2,1.96,2,2,2,2.03,2.09,2.14,2.18,2.29,2.55,2.02,2.02,2.02,2.01,2.08,2.25,2.4,2.47,2.61,2.66,2.73,2.83,2.87,2.87,3.01,3.16,3.25,3.33,5.09
1/1/2015,2,1.96,2,2,2,2.03,2.08,2.13,2.17,2.28,2.54,1.99,1.99,1.99,1.98,2.03,2.19,2.26,2.25,2.37,2.37,2.44,2.53,2.55,2.56,2.73,2.9,2.94,3.04,5.07
2/1/2015,2,1.96,2,2,2,2.03,2.08,2.13,2.17,2.29,2.54,1.99,1.99,2,2,2.07,2.26,2.37,2.4,2.5,2.54,2.61,2.68,2.7,2.73,2.84,2.97,3.02,3.13,5.04
3/1/2015,1.75,1.78,1.82,1.82,1.82,1.87,1.92,1.97,2.02,2.15,2.41,1.82,1.83,1.83,1.83,1.91,2.14,2.3,2.38,2.52,2.57,2.64,2.72,2.72,2.74,2.87,3.03,3.04,3.15,4.99
4/1/2015,1.5,1.68,1.72,1.72,1.72,1.77,1.81,1.87,1.91,2.04,2.31,1.72,1.72,1.72,1.72,1.75,1.95,2.11,2.25,2.41,2.44,2.52,2.58,2.62,2.64,2.76,2.9,2.91,3.04,4.98
5/1/2015,1.5,1.45,1.5,1.5,1.5,1.53,1.58,1.63,1.67,1.81,2.07,1.52,1.52,1.51,1.51,1.58,1.84,2.09,2.28,2.46,2.58,2.7,2.77,2.81,2.86,2.97,3.09,3.14,3.25,4.88
6/1/2015,1.5,1.46,1.5,1.5,1.5,1.53,1.57,1.62,1.66,1.79,2.05,1.49,1.48,1.49,1.49,1.52,1.84,2.17,2.38,2.59,2.74,2.89,2.93,2.97,3.05,3.18,3.29,3.36,3.45,4.86
7/1/2015,1.5,1.46,1.5,1.5,1.5,1.53,1.56,1.61,1.65,1.78,2.04,1.46,1.46,1.47,1.47,1.51,1.67,2,2.24,2.46,2.6,2.74,2.8,2.84,2.95,3.12,3.23,3.27,3.37,4.87
8/1/2015,1.5,1.46,1.5,1.5,1.5,1.53,1.55,1.59,1.63,1.76,2.03,1.44,1.44,1.45,1.46,1.51,1.67,1.97,2.17,2.41,2.55,2.66,2.72,2.76,2.87,3.03,3.13,3.16,3.27,4.86
9/1/2015,1.5,1.46,1.5,1.5,1.5,1.53,1.56,1.6,1.63,1.76,2.03,1.46,1.47,1.49,1.5,1.58,1.81,2.05,2.27,2.53,2.66,2.77,2.82,2.88,2.98,3.09,3.17,3.21,3.32,4.85
10/1/2015,1.5,1.46,1.5,1.5,1.5,1.53,1.56,1.6,1.63,1.76,2.03,1.46,1.47,1.48,1.49,1.57,1.77,1.99,2.24,2.44,2.53,2.61,2.64,2.65,2.73,2.82,2.87,2.92,3.05,4.83
11/1/2015,1.5,1.46,1.5,1.5,1.5,1.53,1.56,1.6,1.63,1.76,2.03,1.46,1.48,1.5,1.5,1.57,1.74,1.96,2.25,2.43,2.54,2.62,2.65,2.7,2.76,2.83,2.89,2.96,3.06,4.82
12/1/2015,1.5,1.46,1.5,1.5,1.5,1.53,1.56,1.6,1.63,1.76,2.03,1.5,1.5,1.5,1.5,1.59,1.74,1.93,2.21,2.34,2.47,2.56,2.61,2.61,2.72,2.83,2.87,2.93,3.02,4.79
1/1/2016,1.5,1.45,1.5,1.5,1.5,1.53,1.55,1.58,1.62,1.76,2.02,1.42,1.43,1.47,1.48,1.54,1.65,1.79,2.09,2.18,2.32,2.42,2.5,2.53,2.62,2.7,2.73,2.8,2.9,4.8
2/1/2016,1.5,1.45,1.5,1.5,1.5,1.52,1.55,1.58,1.62,1.75,2.01,1.39,1.4,1.43,1.44,1.48,1.53,1.61,1.81,1.82,1.96,2.07,2.14,2.15,2.28,2.4,2.4,2.48,2.61,4.81
3/1/2016,1.5,1.45,1.5,1.5,1.5,1.52,1.54,1.57,1.6,1.73,2,1.38,1.38,1.39,1.39,1.43,1.44,1.47,1.58,1.59,1.68,1.78,1.87,1.88,1.98,2.08,2.08,2.16,2.26,4.78
4/1/2016,1.5,1.45,1.5,1.5,1.5,1.52,1.54,1.56,1.6,1.72,1.98,1.36,1.36,1.37,1.37,1.38,1.38,1.43,1.51,1.52,1.57,1.64,1.69,1.72,1.77,1.88,1.91,2,2.1,4.64
5/1/2016,1.5,1.45,1.5,1.5,1.5,1.52,1.54,1.56,1.6,1.72,1.99,1.38,1.39,1.42,1.43,1.51,1.56,1.64,1.71,1.77,1.83,1.88,1.92,1.98,2.05,2.14,2.21,2.27,2.32,4.67
6/1/2016,1.5,1.46,1.5,1.5,1.5,1.52,1.54,1.56,1.6,1.73,1.99,1.37,1.39,1.45,1.46,1.59,1.62,1.71,1.83,1.88,1.96,2.04,2.08,2.13,2.22,2.3,2.34,2.42,2.5,4.66
7/1/2016,1.5,1.45,1.5,1.5,1.5,1.52,1.53,1.55,1.59,1.72,1.99,1.33,1.35,1.44,1.46,1.53,1.54,1.61,1.7,1.74,1.84,1.91,1.96,2.04,2.14,2.22,2.27,2.35,2.42,4.64
8/1/2016,1.5,1.45,1.5,1.5,1.5,1.52,1.53,1.55,1.59,1.73,1.99,1.33,1.37,1.46,1.47,1.55,1.59,1.68,1.74,1.79,1.88,1.98,2.05,2.12,2.21,2.28,2.35,2.41,2.47,4.61
9/1/2016,1.5,1.45,1.5,1.5,1.5,1.52,1.54,1.56,1.6,1.73,1.99,1.4,1.45,1.49,1.5,1.56,1.63,1.74,1.83,1.91,2.01,2.1,2.14,2.19,2.29,2.36,2.42,2.5,2.57,4.6
10/1/2016,1.5,1.45,1.5,1.5,1.5,1.52,1.54,1.56,1.59,1.73,1.99,1.42,1.46,1.49,1.5,1.57,1.64,1.76,1.84,1.95,2.03,2.1,2.13,2.17,2.3,2.36,2.41,2.51,2.58,4.58
11/1/2016,1.5,1.45,1.5,1.5,1.5,1.52,1.54,1.56,1.59,1.72,1.99,1.45,1.47,1.5,1.5,1.61,1.71,1.83,1.95,2.09,2.2,2.25,2.37,2.42,2.54,2.65,2.72,2.77,2.81,4.57
12/1/2016,1.5,1.45,1.5,1.5,1.5,1.52,1.54,1.55,1.6,1.73,1.99,1.47,1.51,1.53,1.54,1.69,1.83,1.98,2.18,2.37,2.49,2.58,2.73,2.8,2.94,3.04,3.12,3.2,3.25,4.53
1/1/2017,1.5,1.45,1.5,1.5,1.5,1.52,1.53,1.55,1.59,1.72,1.99,1.44,1.46,1.49,1.52,1.67,1.82,2,2.16,2.36,2.49,2.58,2.65,2.72,2.93,3,3.07,3.15,3.24,4.55
2/1/2017,1.5,1.45,1.5,1.5,1.5,1.52,1.53,1.55,1.59,1.72,1.99,1.42,1.44,1.5,1.52,1.61,1.75,1.96,2.13,2.3,2.44,2.57,2.63,2.74,2.95,3.01,3.09,3.17,3.29,4.52
3/1/2017,1.5,1.45,1.5,1.5,1.5,1.52,1.54,1.55,1.59,1.72,1.99,1.43,1.46,1.51,1.54,1.63,1.76,2,2.19,2.35,2.49,2.62,2.69,2.81,2.97,3.03,3.1,3.18,3.3,4.49
4/1/2017,1.5,1.46,1.5,1.5,1.5,1.52,1.53,1.55,1.59,1.72,1.98,1.42,1.44,1.49,1.51,1.58,1.72,1.97,2.12,2.29,2.44,2.55,2.61,2.72,2.84,2.87,2.96,3.05,3.19,4.48
5/1/2017,1.5,1.45,1.5,1.5,1.5,1.52,1.53,1.55,1.59,1.72,1.98,1.39,1.43,1.48,1.5,1.55,1.72,1.98,2.13,2.33,2.46,2.56,2.64,2.76,2.87,2.92,3.01,3.12,3.21,4.39
6/1/2017,1.5,1.45,1.5,1.5,1.5,1.52,1.53,1.55,1.59,1.72,1.98,1.36,1.41,1.47,1.49,1.51,1.63,1.87,1.97,2.16,2.3,2.38,2.43,2.57,2.69,2.76,2.86,2.96,3.11,4.37
7/1/2017,1.5,1.45,1.5,1.5,1.5,1.52,1.53,1.55,1.58,1.71,1.98,1.26,1.3,1.42,1.46,1.52,1.59,1.79,1.92,2.1,2.25,2.36,2.44,2.55,2.66,2.74,2.84,2.93,3.01,4.39
8/1/2017,1.5,1.45,1.5,1.5,1.5,1.51,1.53,1.55,1.58,1.71,1.97,1.14,1.19,1.36,1.42,1.49,1.57,1.71,1.82,1.95,2.16,2.26,2.34,2.47,2.54,2.6,2.7,2.81,2.93,4.41
9/1/2017,1.5,1.45,1.5,1.5,1.5,1.51,1.53,1.55,1.58,1.7,1.97,1.14,1.22,1.38,1.43,1.44,1.55,1.64,1.75,1.89,2.1,2.17,2.26,2.41,2.49,2.54,2.63,2.72,2.83,4.38
10/1/2017,1.5,1.45,1.5,1.5,1.5,1.51,1.53,1.54,1.57,1.7,1.96,1.14,1.22,1.36,1.42,1.45,1.55,1.64,1.79,1.92,2.1,2.18,2.27,2.42,2.49,2.54,2.61,2.69,2.75,4.36
11/1/2017,1.5,1.45,1.5,1.5,1.5,1.51,1.53,1.54,1.57,1.7,1.96,1.15,1.22,1.36,1.42,1.45,1.58,1.69,1.89,2.01,2.14,2.25,2.34,2.49,2.54,2.6,2.69,2.76,2.8,4.37
12/1/2017,1.5,1.45,1.5,1.5,1.5,1.51,1.53,1.54,1.57,1.7,1.96,1.18,1.22,1.41,1.45,1.48,1.61,1.72,1.89,2.04,2.16,2.28,2.39,2.58,2.61,2.67,2.76,2.84,2.88,4.3
1/1/2018,1.5,1.45,1.5,1.5,1.5,1.51,1.53,1.54,1.57,1.7,1.96,1.1,1.17,1.33,1.42,1.42,1.59,1.66,1.82,1.96,2.09,2.22,2.34,2.49,2.52,2.58,2.67,2.78,2.84,4.29
2/1/2018,1.5,1.45,1.5,1.5,1.5,1.51,1.53,1.54,1.57,1.7,1.96,1.11,1.19,1.32,1.41,1.39,1.58,1.69,1.84,1.99,2.15,2.3,2.42,2.55,2.6,2.69,2.81,2.89,2.94,4.13
3/1/2018,1.5,1.45,1.5,1.5,1.5,1.51,1.53,1.54,1.57,1.7,1.96,1.1,1.16,1.25,1.35,1.36,1.59,1.67,1.84,1.99,2.14,2.29,2.43,2.56,2.64,2.74,2.84,2.93,2.99,4.16
4/1/2018,1.5,1.45,1.5,1.5,1.5,1.51,1.53,1.54,1.57,1.7,1.96,1.11,1.17,1.29,1.37,1.42,1.62,1.71,1.88,2.03,2.18,2.33,2.46,2.58,2.66,2.76,2.86,2.96,3.01,4.14
5/1/2018,1.5,1.45,1.5,1.5,1.5,1.51,1.53,1.54,1.58,1.71,1.96,1.19,1.3,1.45,1.5,1.66,1.76,1.89,2.07,2.23,2.39,2.53,2.65,2.76,2.86,2.96,3.06,3.12,3.16,4.12
6/1/2018,1.5,1.45,1.5,1.5,1.5,1.51,1.53,1.54,1.58,1.71,1.97,1.19,1.28,1.46,1.55,1.71,1.84,1.97,2.12,2.27,2.41,2.53,2.68,2.8,2.87,2.97,3.06,3.09,3.13,4.13
7/1/2018,1.5,1.45,1.5,1.5,1.5,1.51,1.53,1.55,1.58,1.71,1.97,1.22,1.33,1.49,1.56,1.74,1.88,2.05,2.19,2.32,2.45,2.56,2.68,2.76,2.88,2.97,3.06,3.11,3.15,4.12
8/1/2018,1.5,1.45,1.5,1.5,1.5,1.51,1.53,1.55,1.59,1.71,1.97,1.2,1.3,1.5,1.58,1.81,1.97,2.17,2.29,2.39,2.48,2.57,2.68,2.73,2.87,2.92,2.98,3.05,3.09,4.13
9/1/2018,1.5,1.45,1.5,1.5,1.5,1.51,1.54,1.55,1.59,1.72,1.98,1.19,1.3,1.52,1.71,1.93,2.06,2.22,2.33,2.44,2.55,2.65,2.75,2.81,2.95,3.01,3.08,3.17,3.2,4.13
10/1/2018,1.5,1.45,1.5,1.5,1.5,1.52,1.54,1.56,1.6,1.74,1.99,1.23,1.47,1.68,1.78,1.99,2.12,2.32,2.42,2.52,2.62,2.72,2.81,2.85,3,3.09,3.18,3.25,3.27,4.13
11/1/2018,1.5,1.45,1.5,1.5,1.5,1.52,1.55,1.57,1.61,1.75,2,1.29,1.49,1.66,1.74,1.93,2.07,2.25,2.35,2.46,2.56,2.67,2.74,2.77,2.95,3.04,3.12,3.18,3.19,4.13
12/1/2018,1.75,1.57,1.61,1.61,1.62,1.62,1.65,1.67,1.71,1.83,2.07,1.38,1.51,1.63,1.74,1.83,1.94,2.13,2.23,2.33,2.44,2.51,2.55,2.59,2.78,2.84,2.9,2.96,2.99,4.13
1/1/2019,1.75,1.7,1.75,1.75,1.75,1.77,1.8,1.83,1.87,1.96,2.2,1.51,1.59,1.69,1.75,1.78,1.84,2.02,2.12,2.22,2.31,2.39,2.42,2.48,2.66,2.73,2.81,2.88,2.93,4.15
2/1/2019,1.75,1.7,1.75,1.75,1.75,1.77,1.8,1.83,1.87,1.96,2.2,1.59,1.67,1.75,1.77,1.79,1.86,2.04,2.16,2.23,2.3,2.38,2.41,2.49,2.64,2.7,2.78,2.84,2.88,4.16
3/1/2019,1.75,1.7,1.75,1.75,1.75,1.77,1.8,1.83,1.87,1.96,2.2,1.61,1.68,1.76,1.8,1.75,1.82,2.02,2.16,2.24,2.32,2.4,2.45,2.55,2.66,2.72,2.82,2.86,2.89,4.15
4/1/2019,1.75,1.7,1.75,1.75,1.75,1.77,1.8,1.83,1.88,1.96,2.2,1.62,1.7,1.76,1.8,1.79,1.87,2.01,2.12,2.22,2.31,2.38,2.43,2.54,2.64,2.7,2.8,2.84,2.88,4.15
5/1/2019,1.75,1.7,1.75,1.75,1.75,1.77,1.8,1.83,1.88,1.96,2.2,1.65,1.71,1.76,1.8,1.83,1.89,2,2.09,2.19,2.28,2.34,2.39,2.52,2.6,2.66,2.75,2.8,2.83,4.15
6/1/2019,1.75,1.7,1.75,1.75,1.75,1.77,1.8,1.83,1.87,1.96,2.2,1.68,1.72,1.76,1.8,1.78,1.8,1.85,1.91,1.97,2.02,2.08,2.14,2.23,2.28,2.33,2.42,2.44,2.46,4.13
7/1/2019,1.75,1.7,1.75,1.75,1.75,1.77,1.8,1.83,1.87,1.96,2.2,1.69,1.72,1.75,1.76,1.72,1.73,1.75,1.78,1.81,1.85,1.9,1.94,2,2.04,2.07,2.14,2.16,2.18,4.11
8/1/2019,1.5,1.51,1.55,1.55,1.55,1.58,1.61,1.64,1.68,1.78,2.01,1.53,1.53,1.53,1.51,1.47,1.46,1.47,1.47,1.49,1.5,1.52,1.53,1.56,1.57,1.59,1.62,1.62,1.62,4.07
9/1/2019,1.5,1.45,1.5,1.5,1.5,1.52,1.55,1.58,1.62,1.71,1.95,1.42,1.43,1.42,1.4,1.37,1.38,1.39,1.39,1.43,1.47,1.5,1.52,1.54,1.55,1.56,1.57,1.55,1.53,4.05
10/1/2019,1.5,1.45,1.5,1.5,1.5,1.52,1.55,1.58,1.62,1.72,1.95,1.4,1.42,1.42,1.41,1.39,1.39,1.4,1.4,1.43,1.47,1.49,1.51,1.52,1.53,1.55,1.56,1.56,1.55,4.03
11/1/2019,1.25,1.24,1.29,1.29,1.28,1.32,1.35,1.38,1.42,1.53,1.76,1.31,1.32,1.32,1.32,1.32,1.36,1.4,1.43,1.48,1.55,1.59,1.64,1.66,1.7,1.73,1.75,1.77,1.78,3.96
12/1/2019,1.25,1.19,1.25,1.25,1.25,1.27,1.3,1.33,1.37,1.48,1.71,1.2,1.21,1.22,1.24,1.23,1.27,1.3,1.33,1.38,1.41,1.47,1.53,1.56,1.64,1.71,1.74,1.75,1.76,3.9
1/1/2020,1.25,1.2,1.25,1.25,1.25,1.27,1.3,1.33,1.37,1.48,1.71,1.1,1.11,1.14,1.15,1.12,1.17,1.19,1.21,1.25,1.28,1.33,1.38,1.4,1.5,1.56,1.59,1.61,1.62,3.8
2/1/2020,1,0.98,1.03,1.03,1.02,1.06,1.09,1.12,1.16,1.27,1.5,1,1,0.99,0.98,0.91,0.94,0.96,0.99,1.03,1.07,1.11,1.15,1.17,1.25,1.31,1.35,1.38,1.41,3.7
3/1/2020,0.75,0.87,0.92,0.92,0.91,0.94,0.97,1,1.04,1.15,1.37,0.9,0.88,0.86,0.84,0.83,0.88,0.94,0.99,1.09,1.15,1.21,1.25,1.29,1.41,1.45,1.46,1.47,1.48,3.56
4/1/2020,0.75,0.7,0.75,0.75,0.75,0.77,0.8,0.83,0.87,0.98,1.19,0.6,0.62,0.66,0.68,0.72,0.79,0.89,0.99,1.13,1.22,1.3,1.35,1.39,1.53,1.53,1.53,1.53,1.52,3.31
5/1/2020,0.5,0.58,0.64,0.64,0.67,0.67,0.71,0.74,0.78,0.88,1.1,0.44,0.45,0.52,0.56,0.59,0.65,0.72,0.82,0.93,1.02,1.08,1.11,1.17,1.35,1.38,1.39,1.39,1.39,3.21
6/1/2020,0.5,0.45,0.5,0.5,0.5,0.52,0.55,0.59,0.63,0.74,0.96,0.44,0.45,0.49,0.5,0.53,0.63,0.75,0.87,0.98,1.08,1.17,1.22,1.31,1.48,1.54,1.55,1.57,1.58,3.2
JUL 2020 r,0.5,0.45,0.5,0.5,0.5,0.52,0.55,0.58,0.63,0.74,0.95,0.44,0.45,0.49,0.49,0.47,0.57,0.7,0.84,0.94,1.06,1.17,1.24,1.33,1.48,1.51,1.53,1.55,1.58,3.13
AUG 2020 r,0.5,0.45,0.5,0.5,0.5,0.52,0.55,0.59,0.63,0.74,0.95,0.46,0.47,0.49,0.5,0.48,0.58,0.72,0.85,0.95,1.06,1.19,1.27,1.36,1.46,1.51,1.53,1.55,1.57,3.13
SEP 2020 r,0.5,0.45,0.5,0.5,0.5,0.52,0.55,0.59,0.63,0.74,0.95,0.47,0.48,0.5,0.51,0.56,0.64,0.76,0.87,0.98,1.09,1.21,1.32,1.42,1.49,1.52,1.54,1.57,1.59,3.14
OCT 2020 r,0.5,0.45,0.5,0.5,0.5,0.52,0.55,0.59,0.63,0.74,0.95,0.48,0.49,0.51,0.52,0.59,0.68,0.77,0.88,0.99,1.11,1.22,1.32,1.4,1.47,1.5,1.52,1.55,1.58,3.14
11/1/2020,0.5,0.45,0.5,0.5,0.5,0.52,0.55,0.58,0.63,0.73,0.95,0.47,0.48,0.5,0.51,0.57,0.66,0.76,0.86,0.98,1.11,1.24,1.33,1.41,1.48,1.52,1.55,1.59,1.62,3.12
12/1/2020,0.5,0.45,0.5,0.5,0.5,0.52,0.55,0.58,0.62,0.73,0.95,0.35,0.36,0.39,0.42,0.45,0.53,0.61,0.7,0.8,0.95,1.11,1.22,1.33,1.42,1.47,1.49,1.51,1.53,3.07
1/1/2021,0.5,0.45,0.5,0.5,0.5,0.52,0.55,0.58,0.62,0.73,0.95,0.35,0.36,0.39,0.42,0.45,0.53,0.61,0.7,0.8,0.95,1.11,1.22,1.33,1.42,1.47,1.49,1.51,1.53,3.07
2/1/2021,0.5,0.45,0.5,0.5,0.5,0.52,0.55,0.58,0.63,0.74,0.95,0.35,0.37,0.42,0.46,0.52,0.61,0.73,0.85,0.96,1.12,1.28,1.37,1.45,1.54,1.6,1.65,1.69,1.75,3.07
3/1/2021,0.5,0.45,0.5,0.5,0.5,0.52,0.55,0.58,0.63,0.74,0.95,0.41,0.43,0.47,0.5,0.6,0.74,0.94,1.15,1.34,1.52,1.67,1.78,1.93,2.05,2.14,2.22,2.3,2.41,3.07
4/1/2021,0.5,0.45,0.5,0.5,0.5,0.52,0.55,0.58,0.62,0.73,0.95,0.3,0.32,0.41,0.45,0.5,0.66,0.86,1.06,1.27,1.47,1.63,1.75,1.89,1.98,2.05,2.12,2.18,2.32,3.1
5/1/2021,0.5,0.45,0.5,0.5,0.5,0.52,0.55,0.58,0.62,0.73,0.95,0.31,0.35,0.42,0.46,0.52,0.66,0.87,1.05,1.23,1.42,1.6,1.72,1.8,1.91,1.98,2.03,2.08,2.23,3.06
JUN 2021 p,0.5,0.46,0.5,0.5,0.5,0.52,0.55,0.58,0.62,0.73,0.95,0.34,0.38,0.44,0.48,0.52,0.62,0.75,0.95,1.16,1.37,1.56,1.71,1.83,1.96,2.03,2.08,2.14,2.32,3.06
