Date,Price
1/2/2002,3.425
1/4/2002,3.5
1/7/2002,3.475
1/8/2002,3.5
1/9/2002,3.475
1/10/2002,3.5
1/11/2002,3.5
1/14/2002,3.475
1/15/2002,3.45
1/16/2002,3.5
1/17/2002,3.475
1/18/2002,3.45
1/21/2002,3.45
1/22/2002,3.45
1/23/2002,3.45
1/24/2002,3.45
1/25/2002,3.425
1/28/2002,3.425
1/29/2002,3.425
1/30/2002,3.425
2/1/2002,3.5
2/4/2002,3.475
2/5/2002,3.45
2/6/2002,3.475
2/7/2002,3.45
2/8/2002,3.45
2/11/2002,3.45
2/12/2002,3.45
2/13/2002,3.45
2/14/2002,3.475
2/15/2002,3.475
2/18/2002,3.5
2/19/2002,3.475
2/20/2002,3.5
2/21/2002,3.425
2/22/2002,3.425
2/25/2002,3.425
2/27/2002,3.45
2/28/2002,3.475
3/1/2002,3.625
3/4/2002,3.6
3/5/2002,3.65
3/6/2002,3.625
3/7/2002,3.65
3/8/2002,3.625
3/11/2002,3.6
3/12/2002,3.575
3/13/2002,3.55
3/14/2002,3.55
3/15/2002,3.5
3/18/2002,3.525
3/19/2002,3.55
3/20/2002,3.575
3/21/2002,3.6
3/22/2002,3.575
3/25/2002,3.575
3/26/2002,3.6
3/27/2002,3.55
3/28/2002,3.575
3/29/2002,3.575
4/1/2002,3.6
4/2/2002,3.625
4/3/2002,3.55
4/4/2002,3.325
4/5/2002,3.3
4/9/2002,3.325
4/10/2002,3.275
4/11/2002,3.225
4/12/2002,3.275
4/17/2002,3.25
4/18/2002,3.225
4/19/2002,3.2
4/22/2002,3.2
4/23/2002,3.2
4/24/2002,3.15
4/25/2002,3.05
4/26/2002,3.125
4/29/2002,3.025
4/30/2002,2.9
5/2/2002,3
5/3/2002,3
5/7/2002,3.175
5/8/2002,3.175
5/9/2002,3.175
5/10/2002,3.175
5/13/2002,3.175
5/14/2002,3.175
5/15/2002,3.15
5/16/2002,3.15
5/17/2002,3.2
5/20/2002,3.2
5/21/2002,3.3
5/22/2002,3.275
5/23/2002,3.325
5/24/2002,3.325
5/28/2002,3.375
5/29/2002,3.35
5/30/2002,3.375
5/31/2002,3.35
6/3/2002,3.375
6/4/2002,3.35
6/5/2002,3.45
6/6/2002,3.55
6/7/2002,3.65
6/10/2002,3.7
6/11/2002,3.6
6/12/2002,3.725
6/13/2002,3.775
6/14/2002,3.75
6/17/2002,3.675
6/18/2002,3.675
6/19/2002,3.55
6/20/2002,3.55
6/21/2002,3.5
6/24/2002,3.55
6/25/2002,3.575
6/26/2002,3.5
6/27/2002,3.5
6/28/2002,3.6
7/2/2002,3.55
7/3/2002,3.525
7/4/2002,3.525
7/5/2002,3.55
7/8/2002,3.575
7/9/2002,3.575
7/10/2002,3.575
7/11/2002,3.525
7/12/2002,3.575
7/15/2002,3.575
7/16/2002,3.525
7/17/2002,3.55
7/18/2002,3.55
7/19/2002,3.575
7/22/2002,3.5
7/23/2002,3.5
7/24/2002,3.425
7/26/2002,3.425
7/29/2002,3.45
7/30/2002,3.425
7/31/2002,3.425
8/1/2002,3.475
8/2/2002,3.45
8/5/2002,3.45
8/6/2002,3.5
8/7/2002,3.5
8/8/2002,3.5
8/9/2002,3.575
8/13/2002,3.575
8/14/2002,3.65
8/15/2002,3.775
8/16/2002,3.75
8/19/2002,3.675
8/20/2002,3.675
8/21/2002,3.725
8/22/2002,3.7
8/26/2002,3.775
8/27/2002,3.775
8/28/2002,3.75
8/29/2002,3.725
8/30/2002,3.775
9/2/2002,3.775
9/3/2002,3.75
9/4/2002,3.775
9/5/2002,3.825
9/6/2002,3.825
9/9/2002,3.9
9/10/2002,3.95
9/11/2002,3.975
9/12/2002,3.925
9/13/2002,3.85
9/16/2002,3.825
9/17/2002,3.75
9/18/2002,3.75
9/19/2002,3.8
9/20/2002,3.875
9/23/2002,3.85
9/24/2002,3.95
9/25/2002,4
9/26/2002,3.975
9/27/2002,4.075
9/30/2002,4.1
10/1/2002,4.05
10/2/2002,3.975
10/3/2002,3.975
10/4/2002,3.975
10/7/2002,4
10/8/2002,4
10/9/2002,4.025
10/10/2002,4.05
10/11/2002,4.05
10/14/2002,3.975
10/15/2002,3.9
10/16/2002,3.9
10/17/2002,3.85
10/18/2002,3.825
10/21/2002,3.75
10/22/2002,3.8
10/24/2002,3.8
10/25/2002,3.8
10/28/2002,3.875
10/29/2002,3.85
10/30/2002,3.875
10/31/2002,3.85
11/1/2002,3.875
11/4/2002,3.85
11/5/2002,3.875
11/6/2002,3.9
11/7/2002,3.9
11/8/2002,3.975
11/11/2002,3.95
11/12/2002,3.85
11/13/2002,3.975
11/14/2002,3.9
11/15/2002,3.875
11/18/2002,3.9
11/19/2002,3.9
11/20/2002,3.875
11/21/2002,3.925
11/22/2002,3.925
11/25/2002,3.85
11/26/2002,3.85
11/27/2002,3.85
11/28/2002,3.85
11/29/2002,3.875
12/3/2002,3.85
12/4/2002,3.925
12/6/2002,4.025
12/9/2002,3.975
12/11/2002,3.975
12/12/2002,4
12/13/2002,4.025
12/16/2002,4.025
12/17/2002,4.1
12/18/2002,4.1
12/19/2002,4.1
12/20/2002,4.125
12/23/2002,4.125
12/24/2002,4.2
12/25/2002,4.175
12/26/2002,4.25
12/27/2002,4.225
1/2/2003,4.25
1/3/2003,4.225
1/6/2003,4.25
1/7/2003,4.275
1/8/2003,4.125
1/9/2003,4.1
1/10/2003,4.05
1/13/2003,4.1
1/14/2003,4.175
1/15/2003,4.125
1/16/2003,4.175
1/17/2003,4.175
1/20/2003,4.225
1/21/2003,4.225
1/22/2003,4.225
1/23/2003,4.2
1/24/2003,4.225
1/27/2003,4.25
1/28/2003,4.25
1/29/2003,4.275
1/30/2003,4.25
1/31/2003,4.3
2/3/2003,4.3
2/4/2003,4.25
2/5/2003,4.25
2/6/2003,4.3
2/7/2003,4.425
2/10/2003,4.425
2/11/2003,4.4
2/12/2003,4.425
2/13/2003,4.325
2/14/2003,4.35
2/18/2003,4.475
2/19/2003,4.45
2/20/2003,4.4
2/21/2003,4.325
2/24/2003,4.325
2/25/2003,4.3
2/26/2003,4.35
2/27/2003,4.375
2/28/2003,4.375
3/3/2003,4.4
3/4/2003,4.375
3/5/2003,4.325
3/6/2003,4.325
3/7/2003,4.275
3/10/2003,4.25
3/11/2003,4.25
3/12/2003,4.3
3/13/2003,4.4
3/14/2003,4.4
3/17/2003,4.375
3/18/2003,4.3
3/19/2003,4.25
3/20/2003,4.1
3/21/2003,4.2
3/24/2003,4.25
3/25/2003,4.375
3/26/2003,4.4
3/27/2003,4.4
3/28/2003,4.4
3/31/2003,4.55
4/1/2003,4.475
4/2/2003,4.25
4/3/2003,4.3
4/4/2003,4.3
4/8/2003,4.3
4/9/2003,4.3
4/10/2003,4.3
4/11/2003,4.325
4/16/2003,4.45
4/17/2003,4.5
4/18/2003,4.45
4/21/2003,4.475
4/22/2003,4.525
4/23/2003,4.5
4/24/2003,4.5
4/25/2003,4.55
4/28/2003,4.625
4/29/2003,4.65
4/30/2003,4.7
5/2/2003,4.775
5/6/2003,4.9
5/7/2003,4.8
5/8/2003,4.65
5/9/2003,4.725
5/12/2003,4.725
5/13/2003,4.8
5/14/2003,4.8
5/16/2003,4.8
5/19/2003,4.9
5/20/2003,4.9
5/21/2003,4.95
5/22/2003,4.975
5/23/2003,5.2
5/26/2003,5.2
5/27/2003,5.5
5/28/2003,5.35
5/29/2003,5.45
5/30/2003,5.3
6/2/2003,5.4
6/3/2003,5.65
6/4/2003,5.85
6/5/2003,5.75
6/6/2003,5.75
6/9/2003,5.8
6/10/2003,5.95
6/11/2003,5.85
6/12/2003,6
6/13/2003,6.05
6/16/2003,6.2
6/17/2003,6.55
6/18/2003,6.6
6/19/2003,6.7
6/20/2003,6.65
6/23/2003,6.8
6/24/2003,6.65
6/25/2003,6.6
6/26/2003,6.75
6/27/2003,6.6
6/30/2003,6.65
7/2/2003,7
7/3/2003,7.3
7/4/2003,7.4
7/7/2003,7.45
7/8/2003,7.8
7/9/2003,7.45
7/10/2003,6.95
7/11/2003,7.3
7/15/2003,7.7
7/16/2003,7.75
7/17/2003,7.6
7/18/2003,7.4
7/21/2003,7.2
7/23/2003,6.9
7/24/2003,6.9
7/25/2003,7.05
7/28/2003,6.75
7/29/2003,6.8
7/30/2003,6.7
7/31/2003,6.95
8/1/2003,7.3
8/4/2003,7.3
8/5/2003,7.05
8/6/2003,6.95
8/7/2003,7.1
8/8/2003,7.1
8/11/2003,7.4
8/13/2003,7.45
8/14/2003,7.35
8/15/2003,7.4
8/18/2003,7.25
8/19/2003,7.35
8/20/2003,7.4
8/21/2003,7.4
8/22/2003,7.4
8/25/2003,7.3
8/26/2003,7.3
8/27/2003,7.25
8/28/2003,7.35
8/29/2003,7.3
9/1/2003,7.35
9/2/2003,7.35
9/3/2003,7.2
9/4/2003,7.25
9/5/2003,7.65
9/8/2003,7.7
9/9/2003,7.85
9/10/2003,7.85
9/11/2003,7.75
9/12/2003,7.95
9/15/2003,7.8
9/16/2003,7.8
9/17/2003,7.65
9/18/2003,7.75
9/19/2003,7.85
9/22/2003,7.9
9/23/2003,7.8
9/24/2003,7.9
9/25/2003,7.9
9/26/2003,8.05
9/29/2003,8.05
9/30/2003,8.3
10/1/2003,8.9
10/2/2003,8.3
10/3/2003,8.3
10/6/2003,7.85
10/7/2003,8.05
10/8/2003,8.3
10/9/2003,8.35
10/10/2003,8.4
10/13/2003,8.45
10/14/2003,8.25
10/15/2003,8.5
10/16/2003,9
10/17/2003,9.45
10/20/2003,9.65
10/21/2003,9.6
10/22/2003,9.8
10/24/2003,9.6
10/27/2003,9.75
10/28/2003,9.5
10/29/2003,9.6
10/30/2003,9.55
10/31/2003,9.5
11/3/2003,10.1
11/4/2003,11.2
11/5/2003,11
11/6/2003,10.7
11/7/2003,10.8
11/10/2003,11.2
11/11/2003,10.7
11/12/2003,10.8
11/13/2003,10.7
11/14/2003,10.8
11/17/2003,10.7
11/18/2003,10.5
11/19/2003,10
11/20/2003,9.65
11/21/2003,10
11/24/2003,9.65
11/25/2003,9.75
11/26/2003,10.2
11/27/2003,10.2
11/28/2003,10.7
12/1/2003,10.6
12/2/2003,10.7
12/3/2003,10.9
12/4/2003,10.8
12/8/2003,11.3
12/9/2003,11.8
12/11/2003,12.4
12/12/2003,12.4
12/15/2003,12.4
12/16/2003,12.9
12/17/2003,12.6
12/18/2003,13
12/19/2003,13.4
12/22/2003,13.7
12/23/2003,14
12/24/2003,14.8
12/25/2003,15.4
12/26/2003,17
12/29/2003,16.4
12/30/2003,18.299999
12/31/2003,18.5
1/5/2004,18.5
1/6/2004,17.5
1/7/2004,16.6
1/8/2004,16.9
1/9/2004,17
1/12/2004,17.4
1/13/2004,17
1/14/2004,16.700001
1/15/2004,16.1
1/16/2004,16.799999
1/19/2004,16.6
1/20/2004,16.5
1/21/2004,16.299999
1/22/2004,16.4
1/23/2004,16.5
1/26/2004,16.1
1/27/2004,16.5
1/28/2004,16
1/29/2004,15.9
1/30/2004,16
2/2/2004,15.3
2/3/2004,15.6
2/4/2004,15.9
2/5/2004,16.1
2/6/2004,15.6
2/9/2004,16.1
2/10/2004,16.5
2/11/2004,17.299999
2/12/2004,17
2/13/2004,17.200001
2/16/2004,16.700001
2/17/2004,17.299999
2/18/2004,16.9
2/19/2004,16.6
2/20/2004,16.6
2/23/2004,16.4
2/24/2004,16.299999
2/25/2004,16.1
2/26/2004,15.7
2/27/2004,16.1
3/1/2004,15.9
3/2/2004,16
3/3/2004,16
3/4/2004,16.200001
3/8/2004,16.6
3/9/2004,16.799999
3/10/2004,16.6
3/11/2004,16.4
3/12/2004,16.200001
3/15/2004,15.8
3/16/2004,15.4
3/17/2004,15.1
3/18/2004,15.1
3/19/2004,15.1
3/22/2004,15.2
3/23/2004,15.1
3/24/2004,15
3/25/2004,14.8
3/26/2004,14.6
3/29/2004,13.8
3/30/2004,13.9
3/31/2004,14
4/1/2004,14.9
4/2/2004,15.4
4/5/2004,16
4/7/2004,15.4
4/8/2004,15.4
4/9/2004,15.2
4/12/2004,15.6
4/16/2004,15.8
4/19/2004,15.6
4/20/2004,15.9
4/21/2004,15.7
4/22/2004,15.2
4/23/2004,15.2
4/26/2004,14.7
4/27/2004,15.1
4/28/2004,15
4/29/2004,14.6
4/30/2004,14.6
5/4/2004,14.4
5/6/2004,14.2
5/7/2004,14.7
5/10/2004,14.2
5/11/2004,14.4
5/12/2004,14.5
5/13/2004,14.5
5/14/2004,14.4
5/17/2004,14.1
5/18/2004,14.1
5/19/2004,14.8
5/20/2004,14.4
5/21/2004,14.7
5/24/2004,14.5
5/25/2004,14.5
5/26/2004,14.6
5/27/2004,15.5
5/28/2004,15.4
5/31/2004,15.8
6/1/2004,15.6
6/3/2004,15.5
6/4/2004,15.4
6/7/2004,15.2
6/8/2004,14.9
6/9/2004,15
6/10/2004,15.1
6/11/2004,15.1
6/14/2004,15.1
6/15/2004,15
6/16/2004,15.2
6/17/2004,15.4
6/18/2004,15.5
6/21/2004,15.6
6/22/2004,15.6
6/23/2004,15.4
6/24/2004,15.6
6/25/2004,15.6
6/28/2004,15.7
6/29/2004,15.6
6/30/2004,15.4
7/2/2004,15.4
7/5/2004,15.6
7/6/2004,15.9
7/7/2004,15.8
7/8/2004,15.6
7/9/2004,15.8
7/12/2004,15.7
7/13/2004,15.9
7/14/2004,15.6
7/15/2004,15.4
7/16/2004,15.2
7/19/2004,14.9
7/20/2004,14.9
7/21/2004,15.4
7/22/2004,15.2
7/23/2004,15.2
7/26/2004,15.1
7/27/2004,15
7/28/2004,15.2
7/29/2004,15.2
7/30/2004,15.3
8/3/2004,15.1
8/4/2004,15
8/5/2004,14.9
8/6/2004,14.8
8/9/2004,14.7
8/10/2004,14.8
8/11/2004,14.7
8/13/2004,14.7
8/16/2004,15.1
8/17/2004,15.2
8/18/2004,15
8/19/2004,14.9
8/20/2004,14.9
8/23/2004,15
8/24/2004,14.8
8/25/2004,15
8/26/2004,15.1
8/27/2004,15.1
8/30/2004,14.9
8/31/2004,15
9/1/2004,15.4
9/2/2004,15.5
9/3/2004,15.5
9/6/2004,15.6
9/7/2004,15.6
9/8/2004,15.5
9/9/2004,15.7
9/10/2004,15.6
9/13/2004,15.7
9/14/2004,15.8
9/15/2004,16.1
9/16/2004,16.4
9/17/2004,16.9
9/20/2004,16.9
9/21/2004,16.9
9/22/2004,17
9/23/2004,16.6
9/24/2004,17.1
9/27/2004,17.1
9/28/2004,16.9
9/29/2004,16.700001
9/30/2004,16.9
10/1/2004,17.299999
10/4/2004,18
10/5/2004,18.200001
10/6/2004,18.1
10/7/2004,18
10/8/2004,18.5
10/11/2004,19
10/12/2004,18.299999
10/13/2004,18.4
10/14/2004,17.4
10/15/2004,17.4
10/18/2004,17.6
10/19/2004,18.1
10/20/2004,17.799999
10/21/2004,17.700001
10/22/2004,18.1
10/26/2004,17.700001
10/27/2004,17
10/28/2004,16.700001
10/29/2004,17
11/1/2004,16.799999
11/2/2004,16.9
11/3/2004,17.200001
11/4/2004,17.1
11/5/2004,16.9
11/8/2004,16.6
11/9/2004,16.5
11/10/2004,16.299999
11/11/2004,16.5
11/12/2004,16.9
11/15/2004,17
11/16/2004,16.700001
11/17/2004,16.799999
11/18/2004,16.700001
11/19/2004,16.9
11/22/2004,16.700001
11/23/2004,16.9
11/24/2004,16.799999
11/25/2004,17
11/26/2004,16.9
11/29/2004,17.1
11/30/2004,16.9
12/1/2004,17
12/2/2004,17.1
12/3/2004,17
12/7/2004,16.700001
12/8/2004,16.6
12/9/2004,16.5
12/13/2004,16.5
12/14/2004,16.6
12/15/2004,16.9
12/16/2004,17.1
12/17/2004,17.5
12/20/2004,17.700001
12/21/2004,17.5
12/22/2004,17.5
12/23/2004,17.200001
12/24/2004,17.299999
12/27/2004,17.200001
12/28/2004,17
12/29/2004,17.299999
12/30/2004,17.299999
1/4/2005,17.6
1/5/2005,17.5
1/6/2005,17.799999
1/7/2005,17.799999
1/10/2005,17.9
1/11/2005,17.6
1/12/2005,17.6
1/13/2005,17.799999
1/14/2005,18.1
1/17/2005,18.5
1/18/2005,18.5
1/19/2005,18.4
1/20/2005,18.700001
1/21/2005,18.4
1/24/2005,18.4
1/25/2005,18.5
1/26/2005,18.6
1/27/2005,18.700001
1/28/2005,18.6
1/31/2005,18.4
2/1/2005,18.6
2/2/2005,18.799999
2/3/2005,19
2/4/2005,19
2/7/2005,19
2/8/2005,19.1
2/9/2005,19.200001
2/10/2005,19.4
2/11/2005,19
2/14/2005,19.1
2/15/2005,19.299999
2/16/2005,19.6
2/17/2005,19.9
2/18/2005,19.9
2/21/2005,19.6
2/22/2005,19.700001
2/24/2005,20
2/25/2005,20.4
2/28/2005,21.6
3/1/2005,21
3/2/2005,20.200001
3/3/2005,20.4
3/4/2005,20.799999
3/7/2005,21.4
3/8/2005,20.799999
3/9/2005,21.200001
3/10/2005,21
3/11/2005,20.6
3/14/2005,20.4
3/15/2005,20.200001
3/16/2005,20.6
3/17/2005,20.4
3/18/2005,20.6
3/21/2005,20.200001
3/22/2005,20
3/23/2005,19.700001
3/24/2005,19.1
3/25/2005,19.1
3/28/2005,19
3/29/2005,18.9
3/30/2005,18.700001
3/31/2005,19.299999
4/1/2005,20.200001
4/4/2005,19.799999
4/5/2005,19.799999
4/7/2005,19.799999
4/8/2005,20.6
4/11/2005,21.200001
4/12/2005,21.200001
4/18/2005,20
4/19/2005,20
4/20/2005,20.200001
4/21/2005,20.200001
4/22/2005,20.200001
4/25/2005,20
4/26/2005,19.9
4/27/2005,20
4/28/2005,20
4/29/2005,20
5/3/2005,20.4
5/4/2005,20.4
5/6/2005,20.799999
5/9/2005,21
5/10/2005,20.6
5/11/2005,20.799999
5/12/2005,20.6
5/13/2005,20.4
5/16/2005,20
5/17/2005,19.5
5/18/2005,19.799999
5/19/2005,19.6
5/20/2005,19.6
5/24/2005,19.700001
5/25/2005,19.9
5/26/2005,19.700001
5/27/2005,19.799999
5/30/2005,19.9
5/31/2005,19.700001
6/1/2005,19.799999
6/2/2005,20.200001
6/3/2005,20.6
6/6/2005,20.799999
6/7/2005,21
6/8/2005,21
6/9/2005,20.6
6/10/2005,21
6/13/2005,20.799999
6/14/2005,21.200001
6/15/2005,21.4
6/16/2005,21.4
6/17/2005,21.200001
6/20/2005,21.4
6/21/2005,22.200001
6/22/2005,22
6/23/2005,22.799999
6/24/2005,22.6
6/27/2005,22.200001
6/28/2005,22.4
6/29/2005,22.4
6/30/2005,21.799999
7/4/2005,22
7/5/2005,21.6
7/6/2005,21.799999
7/7/2005,21
7/8/2005,21.200001
7/11/2005,21
7/12/2005,21.799999
7/13/2005,22
7/14/2005,22.200001
7/15/2005,21.6
7/18/2005,21.799999
7/19/2005,21.6
7/20/2005,21.799999
7/21/2005,21.6
7/25/2005,22.200001
7/26/2005,22
7/27/2005,22.200001
7/28/2005,22.799999
7/29/2005,23.200001
8/1/2005,23.4
8/2/2005,23.799999
8/3/2005,23.799999
8/4/2005,23.799999
8/5/2005,23.799999
8/8/2005,23.799999
8/9/2005,23.799999
8/10/2005,23.799999
8/11/2005,23.6
8/15/2005,23.799999
8/16/2005,23
8/17/2005,23.4
8/18/2005,23.200001
8/19/2005,23.6
8/22/2005,24.200001
8/23/2005,24.4
8/24/2005,24.799999
8/25/2005,24.6
8/26/2005,24.6
8/29/2005,24.4
8/30/2005,24.4
8/31/2005,24.6
9/1/2005,25
9/2/2005,24.6
9/5/2005,24
9/6/2005,24
9/7/2005,23.799999
9/8/2005,24
9/9/2005,23.799999
9/12/2005,24
9/13/2005,23.799999
9/14/2005,24
9/15/2005,23.799999
9/16/2005,23.6
9/19/2005,23.799999
9/20/2005,24.799999
9/21/2005,24.6
9/22/2005,24.799999
9/23/2005,24.6
9/26/2005,24.200001
9/27/2005,24.4
9/28/2005,24.6
9/29/2005,24.6
9/30/2005,24.4
10/3/2005,24.200001
10/4/2005,24
10/5/2005,23.92
10/6/2005,23.6
10/7/2005,23.200001
10/10/2005,23
10/11/2005,23.4
10/12/2005,23.6
10/13/2005,23.6
10/14/2005,23.200001
10/17/2005,23
10/18/2005,23
10/19/2005,22.200001
10/20/2005,21.799999
10/21/2005,22.200001
10/25/2005,21.834999
10/26/2005,22.052999
10/27/2005,22.4
10/28/2005,22.139
10/31/2005,22
11/1/2005,22.200001
11/2/2005,22.598
11/3/2005,22.799999
11/4/2005,23
11/7/2005,22.799999
11/8/2005,22.514999
11/9/2005,22.4
11/10/2005,22.200001
11/11/2005,22.200001
11/14/2005,22.4
11/15/2005,22.4
11/16/2005,22
11/17/2005,21.799999
11/18/2005,21.868999
11/21/2005,21.799999
11/22/2005,21.973
11/23/2005,22
11/24/2005,22.200001
11/25/2005,22
11/28/2005,21.945999
11/29/2005,22
11/30/2005,21.6
12/1/2005,21.4
12/2/2005,21.200001
12/6/2005,22.200001
12/7/2005,23
12/8/2005,22.975
12/9/2005,23.200001
12/13/2005,23
12/14/2005,22.799999
12/15/2005,22.4
12/16/2005,22.799999
12/19/2005,22.6
12/20/2005,23
12/21/2005,22.799999
12/22/2005,22.598
12/23/2005,22.4
12/26/2005,22.4
12/27/2005,22.6
12/28/2005,22.4
12/29/2005,22.4
12/30/2005,22.6
1/3/2006,23.200001
1/4/2006,23.723
1/5/2006,23.902
1/6/2006,23.777
1/9/2006,24.6
1/10/2006,24.6
1/11/2006,24.799999
1/12/2006,24.6
1/13/2006,24.4
1/16/2006,24.4
1/17/2006,24.6
1/18/2006,24
1/19/2006,24.200001
1/20/2006,24.4
1/23/2006,24.799999
1/24/2006,24.6
1/25/2006,25.337
1/26/2006,25.941999
1/27/2006,25.799999
1/30/2006,26
1/31/2006,26.200001
2/1/2006,26.4
2/2/2006,25.6
2/3/2006,25.6
2/6/2006,25.200001
2/7/2006,25
2/8/2006,24.4
2/9/2006,24.367001
2/10/2006,24.719999
2/14/2006,24.4
2/15/2006,24
2/16/2006,24.200001
2/17/2006,24.4
2/20/2006,24.4
2/21/2006,24.200001
2/22/2006,24.200001
2/23/2006,24.405001
2/24/2006,25
2/27/2006,25.112
2/28/2006,24.924
3/1/2006,24.982
3/2/2006,25.382
3/3/2006,25.443001
3/6/2006,25.200001
3/7/2006,24.799999
3/8/2006,24.4
3/9/2006,24.6
3/10/2006,24.6
3/13/2006,24.763
3/14/2006,25.200001
3/15/2006,24.6
3/16/2006,24.6
3/17/2006,24.799999
3/20/2006,24.4
3/21/2006,24
3/22/2006,23.799999
3/23/2006,24.200001
3/24/2006,24
3/27/2006,24
3/28/2006,24
3/29/2006,23.4
3/30/2006,23.200001
3/31/2006,23.378
4/3/2006,23.490999
4/4/2006,24.6
4/5/2006,25.169001
4/7/2006,25.504999
4/10/2006,25
4/11/2006,25.254
4/12/2006,25.4
4/17/2006,25.799999
4/18/2006,26
4/20/2006,27
4/21/2006,26.6
4/24/2006,26.799999
4/25/2006,26.200001
4/26/2006,26.4
4/27/2006,26
4/28/2006,25.798
5/2/2006,25.990999
5/3/2006,26.4
5/4/2006,25.997
5/8/2006,26.6
5/9/2006,26.4
5/10/2006,26.200001
5/11/2006,26
5/15/2006,25.4
5/16/2006,25.4
5/17/2006,25.200001
5/18/2006,25
5/19/2006,25
5/22/2006,24.989
5/23/2006,24.492001
5/24/2006,24.254999
5/25/2006,23.636
5/26/2006,24.047001
5/29/2006,24.6
5/30/2006,24.24
5/31/2006,24.200001
6/1/2006,24.4
6/2/2006,24.695999
6/5/2006,24.4
6/6/2006,24.014999
6/7/2006,23.4
6/8/2006,22.799999
6/9/2006,22.200001
6/14/2006,21.056999
6/15/2006,20.799999
6/16/2006,21.799999
6/19/2006,21.6
6/20/2006,21.117001
6/21/2006,21.229
6/22/2006,21.799999
6/23/2006,21.799999
6/26/2006,21.6
6/27/2006,21.886
6/28/2006,21.792
6/29/2006,22.247
6/30/2006,22.799999
7/3/2006,23.4
7/4/2006,24
7/5/2006,23.200001
7/6/2006,23.497
7/7/2006,23.200001
7/10/2006,23.4
7/12/2006,23.6
7/13/2006,23
7/14/2006,23
7/17/2006,22.799999
7/18/2006,22.799999
7/19/2006,22.799999
7/20/2006,23.200001
7/21/2006,23.6
7/24/2006,23.5
7/25/2006,23.4
7/26/2006,23.4
7/27/2006,23.6
7/28/2006,23.6
7/31/2006,23.6
8/1/2006,23.646
8/2/2006,24.200001
8/3/2006,24.6
8/4/2006,24.4
8/7/2006,24.6
8/8/2006,25
8/9/2006,24.799999
8/10/2006,24.4
8/11/2006,24.799999
8/15/2006,24.799999
8/16/2006,25.4
8/17/2006,24.799999
8/18/2006,24.4
8/21/2006,24.6
8/22/2006,24.6
8/23/2006,24.200001
8/24/2006,24.200001
8/25/2006,24
8/28/2006,23.6
8/29/2006,23.6
8/30/2006,23.200001
8/31/2006,23.6
9/1/2006,23.799999
9/4/2006,23.799999
9/5/2006,23.799999
9/6/2006,23.799999
9/7/2006,22.6
9/8/2006,21.799999
9/11/2006,21.200001
9/12/2006,21.200001
9/13/2006,21.4
9/14/2006,21.799999
9/15/2006,21.6
9/18/2006,22
9/19/2006,21.799999
9/21/2006,21.200001
9/22/2006,21.200001
9/25/2006,21.200001
9/26/2006,21.200001
9/27/2006,22
9/28/2006,21.799999
9/29/2006,21.799999
10/2/2006,21.799999
10/3/2006,21.4
10/4/2006,21.200001
10/5/2006,21.200001
10/6/2006,21.200001
10/9/2006,21.200001
10/10/2006,21.6
10/11/2006,21.4
10/12/2006,21.6
10/13/2006,21.4
10/16/2006,21.799999
10/17/2006,21.6
10/18/2006,22
10/19/2006,21.799999
10/20/2006,22.200001
10/24/2006,22.200001
10/25/2006,22.6
10/26/2006,22.799999
10/27/2006,22.799999
10/30/2006,22.4
10/31/2006,22.200001
11/1/2006,22.6
11/2/2006,22.4
11/3/2006,22.6
11/6/2006,22.6
11/7/2006,22.799999
11/8/2006,22.799999
11/9/2006,22.799999
11/10/2006,22.6
11/13/2006,22.6
11/14/2006,22.6
11/15/2006,22.6
11/16/2006,22.6
11/17/2006,22.4
11/20/2006,21.799999
11/21/2006,21.6
11/22/2006,22.200001
11/23/2006,22.4
11/24/2006,22
11/27/2006,22.4
11/28/2006,22.200001
11/29/2006,22.799999
11/30/2006,23
12/1/2006,23.4
12/4/2006,23.799999
12/6/2006,23.799999
12/7/2006,23.4
12/8/2006,23
12/12/2006,22.6
12/13/2006,22.4
12/14/2006,22.4
12/15/2006,22.6
12/18/2006,22.4
12/19/2006,18.6
12/20/2006,21.6
12/21/2006,20.6
12/22/2006,21.200001
12/25/2006,21.200001
12/26/2006,21.200001
12/27/2006,21
12/28/2006,21
12/29/2006,21
1/3/2007,20.4
1/4/2007,20
1/5/2007,19.200001
1/8/2007,19.799999
1/9/2007,19.200001
1/10/2007,19.6
1/11/2007,20
1/12/2007,20.200001
1/15/2007,20.799999
1/16/2007,20.799999
1/17/2007,20.6
1/18/2007,20.6
1/19/2007,20.4
1/22/2007,20.4
1/23/2007,20.200001
1/24/2007,20.6
1/25/2007,20.6
1/26/2007,20.200001
1/29/2007,20.200001
1/30/2007,19.799999
1/31/2007,19.9
2/1/2007,19.799999
2/2/2007,20
2/5/2007,20
2/6/2007,20
2/7/2007,20.200001
2/8/2007,21
2/9/2007,21.4
2/12/2007,21.6
2/13/2007,21.200001
2/14/2007,21.200001
2/15/2007,21
2/16/2007,20.799999
2/19/2007,20.799999
2/20/2007,20.799999
2/21/2007,21.200001
2/22/2007,21.200001
2/23/2007,21.4
2/26/2007,21.200001
2/27/2007,21.200001
2/28/2007,20.799999
3/1/2007,21
3/2/2007,21
3/6/2007,20.6
3/7/2007,20.200001
3/8/2007,20.4
3/9/2007,20.4
3/12/2007,20.200001
3/13/2007,20.4
3/14/2007,20.200001
3/15/2007,20.200001
3/16/2007,20.200001
3/19/2007,20.200001
3/20/2007,20.4
3/21/2007,20.4
3/22/2007,20.6
3/23/2007,20.6
3/26/2007,20.799999
3/27/2007,20.799999
3/28/2007,20.6
3/29/2007,20.799999
3/30/2007,20.799999
4/2/2007,21
4/3/2007,20.799999
4/4/2007,20.799999
4/5/2007,20.799999
4/9/2007,20.799999
4/10/2007,20.799999
4/11/2007,21.6
4/12/2007,21.6
4/17/2007,21.6
4/18/2007,21.4
4/19/2007,21.200001
4/20/2007,21.200001
4/23/2007,21
4/24/2007,20.799999
4/25/2007,21
4/26/2007,21.4
4/27/2007,21.6
4/30/2007,22
5/2/2007,22.4
5/3/2007,23
5/4/2007,23.6
5/8/2007,22.799999
5/9/2007,22.799999
5/10/2007,22.799999
5/11/2007,22.799999
5/14/2007,23.200001
5/15/2007,23.200001
5/16/2007,23.6
5/17/2007,23.799999
5/18/2007,24
5/21/2007,24.6
5/22/2007,24.6
5/23/2007,24.6
5/24/2007,24.4
5/25/2007,24.200001
5/28/2007,24.799999
5/29/2007,25
5/30/2007,25.4
6/1/2007,25.799999
6/4/2007,27
6/5/2007,26.6
6/6/2007,26.799999
6/7/2007,27
6/8/2007,26.4
6/11/2007,26.200001
6/12/2007,25.799999
6/13/2007,24.799999
6/14/2007,25.200001
6/15/2007,26
6/18/2007,27
6/19/2007,26.6
6/20/2007,27.200001
6/21/2007,26.799999
6/22/2007,26.6
6/25/2007,26.6
6/26/2007,26.799999
6/27/2007,27
6/28/2007,27
6/29/2007,27
7/2/2007,27.799999
7/3/2007,28.4
7/4/2007,29
7/5/2007,28.4
7/6/2007,29.4
7/9/2007,29.6
7/10/2007,30.799999
7/11/2007,30.200001
7/12/2007,29.799999
7/13/2007,30.6
7/16/2007,30.799999
7/17/2007,30.799999
7/18/2007,31
7/19/2007,30.799999
7/20/2007,30.6
7/23/2007,31
7/24/2007,32.799999
7/25/2007,32.799999
7/26/2007,33.200001
7/27/2007,32.200001
7/31/2007,31.4
8/1/2007,30.6
8/2/2007,30.200001
8/3/2007,30.200001
8/6/2007,29.200001
8/7/2007,29.200001
8/8/2007,30.4
8/9/2007,29.4
8/10/2007,29
8/14/2007,27.799999
8/15/2007,27.4
8/16/2007,27
8/17/2007,27.200001
8/20/2007,28.799999
8/21/2007,27.6
8/22/2007,28.799999
8/23/2007,28.799999
8/24/2007,29
8/27/2007,28.799999
8/28/2007,28.6
8/29/2007,29
8/30/2007,29.200001
8/31/2007,30.6
9/3/2007,31.200001
9/4/2007,30.799999
9/5/2007,31.4
9/6/2007,31.4
9/7/2007,31.200001
9/10/2007,31.200001
9/11/2007,31.4
9/12/2007,31.4
9/13/2007,32
9/14/2007,32.400002
9/17/2007,31.4
9/18/2007,31.200001
9/19/2007,31.799999
9/20/2007,32
9/21/2007,33.200001
9/24/2007,33.200001
9/25/2007,33
9/26/2007,33.400002
9/27/2007,33.400002
9/28/2007,33.599998
10/1/2007,33.799999
10/2/2007,33.200001
10/3/2007,33
10/4/2007,32.400002
10/5/2007,32.799999
10/8/2007,33.400002
10/9/2007,34
10/10/2007,33.799999
10/11/2007,34.799999
10/12/2007,35.200001
10/15/2007,36.599998
10/16/2007,38.599998
10/17/2007,37.799999
10/18/2007,36.799999
10/19/2007,37.200001
10/22/2007,36.400002
10/24/2007,37
10/25/2007,39.400002
10/26/2007,40.799999
10/29/2007,44
10/30/2007,42.799999
10/31/2007,41.599998
11/1/2007,41.599998
11/2/2007,40.400002
11/5/2007,38.599998
11/6/2007,40.400002
11/7/2007,40
11/8/2007,39.599998
11/9/2007,40
11/12/2007,38.599998
11/13/2007,38
11/14/2007,37.799999
11/15/2007,37.799999
11/16/2007,37.200001
11/19/2007,36.200001
11/20/2007,36.599998
11/21/2007,35
11/22/2007,35.599998
11/23/2007,36
11/26/2007,37
11/27/2007,36.400002
11/28/2007,36.400002
11/29/2007,37.400002
11/30/2007,38
12/3/2007,35.799999
12/4/2007,35.599998
12/6/2007,36.599998
12/7/2007,35.599998
12/11/2007,36.400002
12/12/2007,36
12/13/2007,36.799999
12/18/2007,35.799999
12/19/2007,34
12/20/2007,33
12/21/2007,34.599998
12/25/2007,36.799999
12/26/2007,36.799999
12/27/2007,37.200001
12/28/2007,37.599998
1/2/2008,36.799999
1/3/2008,36
1/4/2008,34.599998
1/7/2008,33.400002
1/8/2008,33.599998
1/9/2008,34.799999
1/10/2008,33.200001
1/11/2008,32.599998
1/14/2008,32
1/15/2008,30.799999
1/16/2008,30.4
1/17/2008,32
1/18/2008,32
1/21/2008,29.6
1/22/2008,29.200001
1/23/2008,29.4
1/24/2008,28.799999
1/25/2008,31.4
1/28/2008,30.4
1/29/2008,31
1/30/2008,31.200001
1/31/2008,32.599998
2/1/2008,33.799999
2/4/2008,32.799999
2/5/2008,32.599998
2/6/2008,31.6
2/7/2008,31
2/8/2008,31.799999
2/11/2008,31.6
2/12/2008,32.400002
2/13/2008,33
2/14/2008,33.200001
2/15/2008,32.799999
2/18/2008,32.599998
2/19/2008,33.200001
2/20/2008,33.200001
2/22/2008,32.799999
2/25/2008,33.599998
2/26/2008,33.400002
2/27/2008,33.400002
2/28/2008,34
2/29/2008,34.200001
3/3/2008,33.599998
3/4/2008,33
3/5/2008,32.200001
3/6/2008,32.400002
3/7/2008,32.400002
3/10/2008,32
3/11/2008,33
3/12/2008,33.799999
3/13/2008,33.200001
3/14/2008,33.400002
3/17/2008,32.799999
3/18/2008,32.400002
3/19/2008,32
3/20/2008,31.4
3/21/2008,31.200001
3/24/2008,31.200001
3/25/2008,32.200001
3/26/2008,31.6
3/27/2008,32
3/28/2008,32.200001
3/31/2008,31.6
4/1/2008,32
4/2/2008,32
4/3/2008,32
4/4/2008,31.799999
4/8/2008,32
4/9/2008,31.799999
4/10/2008,31.6
4/11/2008,31.799999
4/16/2008,32.200001
4/17/2008,33.200001
4/18/2008,33.400002
4/21/2008,33.400002
4/22/2008,34.599998
4/23/2008,33.799999
4/24/2008,33.400002
4/25/2008,33.200001
4/28/2008,34
4/29/2008,33.799999
4/30/2008,33.400002
5/2/2008,34
5/6/2008,34.400002
5/7/2008,34.799999
5/8/2008,35.200001
5/9/2008,35.200001
5/12/2008,34.599998
5/13/2008,34
5/14/2008,34.599998
5/15/2008,35.200001
5/16/2008,36.599998
5/20/2008,37.599998
5/21/2008,38
5/22/2008,37.200001
5/23/2008,37.200001
5/26/2008,36
5/27/2008,35.400002
5/28/2008,34
5/29/2008,34
5/30/2008,33.599998
6/2/2008,32.200001
6/3/2008,32.200001
6/4/2008,32.200001
6/5/2008,32.400002
6/6/2008,33.200001
6/9/2008,33
6/10/2008,32.400002
6/11/2008,32
6/12/2008,32.599998
6/13/2008,32
6/16/2008,31.6
6/17/2008,31.200001
6/18/2008,30.200001
6/19/2008,29.200001
6/20/2008,30.799999
6/23/2008,30.799999
6/24/2008,30
6/25/2008,30.6
6/26/2008,30.6
6/27/2008,30.799999
6/30/2008,30.200001
7/2/2008,30.4
7/3/2008,29.799999
7/4/2008,29.799999
7/7/2008,29
7/8/2008,28.200001
7/9/2008,28.6
7/10/2008,29
7/11/2008,29.799999
7/14/2008,28.6
7/15/2008,27
7/16/2008,25
7/18/2008,23.799999
7/21/2008,26
7/22/2008,26.4
7/23/2008,26.4
7/24/2008,26.6
7/25/2008,26.200001
7/28/2008,25.4
7/29/2008,24.4
7/30/2008,23.6
7/31/2008,25
8/1/2008,24.6
8/4/2008,24.6
8/5/2008,23.6
8/6/2008,24
8/7/2008,26.4
8/8/2008,25.6
8/11/2008,26.6
8/13/2008,26.4
8/14/2008,26.799999
8/15/2008,27
8/18/2008,27.200001
8/19/2008,27
8/20/2008,26.799999
8/21/2008,25.799999
8/22/2008,26.4
8/25/2008,26
8/26/2008,25.799999
8/27/2008,25.799999
8/28/2008,26.4
8/29/2008,26.6
9/1/2008,26.200001
9/2/2008,25
9/3/2008,24
9/4/2008,24.6
9/5/2008,24
9/8/2008,24.799999
9/9/2008,24.799999
9/10/2008,24.6
9/11/2008,24
9/12/2008,24.4
9/15/2008,23.799999
9/16/2008,22.799999
9/17/2008,21.4
9/18/2008,21.4
9/19/2008,22.799999
9/22/2008,22.799999
9/23/2008,22.799999
9/24/2008,23.6
9/25/2008,23.799999
9/26/2008,23.6
9/29/2008,23
9/30/2008,22.799999
10/1/2008,22.4
10/2/2008,22.799999
10/3/2008,22.6
10/6/2008,20.200001
10/7/2008,19.5
10/8/2008,18.299999
10/9/2008,19.200001
10/10/2008,17
10/13/2008,18.200001
10/14/2008,19
10/15/2008,18.1
10/16/2008,17.9
10/17/2008,17.700001
10/20/2008,18.1
10/21/2008,18.299999
10/22/2008,17.700001
10/24/2008,16.200001
10/27/2008,14.1
10/28/2008,14.8
10/29/2008,14
10/30/2008,15.3
10/31/2008,15.9
11/3/2008,17.700001
11/4/2008,18.299999
11/5/2008,18.299999
11/6/2008,18.299999
11/7/2008,18.200001
11/10/2008,18
11/11/2008,17.1
11/12/2008,16.700001
11/13/2008,16.6
11/14/2008,16.4
11/17/2008,16.799999
11/18/2008,15.9
11/19/2008,15
11/20/2008,14.2
11/21/2008,14.1
11/24/2008,13.7
11/25/2008,13.8
11/26/2008,14.3
11/27/2008,14
11/28/2008,14.7
12/1/2008,14.4
12/2/2008,14.3
12/3/2008,14.4
12/4/2008,14.4
12/8/2008,15.4
12/9/2008,16.799999
12/11/2008,17.200001
12/12/2008,17.200001
12/15/2008,17.700001
12/16/2008,18
12/17/2008,17.700001
12/18/2008,18
12/19/2008,17.6
12/22/2008,16.799999
12/23/2008,17.1
12/24/2008,17.1
12/25/2008,17.200001
12/26/2008,17.200001
12/29/2008,17.299999
12/30/2008,17.5
1/5/2009,18.9
1/6/2009,18.4
1/7/2009,18.1
1/8/2009,18.299999
1/9/2009,17.700001
1/12/2009,16.799999
1/13/2009,15.6
1/14/2009,15.8
1/15/2009,15.4
1/16/2009,15.9
1/19/2009,15.8
1/20/2009,15.7
1/21/2009,15.6
1/22/2009,16.200001
1/23/2009,15.9
1/26/2009,16
1/27/2009,16.5
1/28/2009,16.700001
1/29/2009,15.9
1/30/2009,16
2/2/2009,15.4
2/3/2009,15.5
2/4/2009,15.4
2/5/2009,15.5
2/6/2009,16.5
2/10/2009,16.299999
2/11/2009,16.299999
2/12/2009,16
2/13/2009,16.4
2/16/2009,16.299999
2/17/2009,15.9
2/18/2009,15.9
2/19/2009,15.9
2/20/2009,15.6
2/23/2009,15.7
2/24/2009,15.6
2/25/2009,15.8
2/26/2009,15.5
2/27/2009,15.6
3/2/2009,15.1
3/3/2009,15
3/4/2009,15
3/5/2009,14.5
3/6/2009,14.6
3/9/2009,14.1
3/10/2009,14.6
3/11/2009,14.4
3/12/2009,14.4
3/13/2009,15
3/16/2009,14.9
3/17/2009,14.7
3/18/2009,14.8
3/19/2009,14.9
3/20/2009,15.1
3/23/2009,16
3/24/2009,16.1
3/25/2009,16
3/26/2009,16.1
3/27/2009,16
3/30/2009,15.2
3/31/2009,15.25
4/1/2009,15.15
4/2/2009,15.8
4/3/2009,16.200001
4/7/2009,16
4/8/2009,16
4/9/2009,16.1
4/10/2009,16.549999
4/16/2009,16.299999
4/17/2009,16.9
4/20/2009,17.799999
4/21/2009,17.65
4/22/2009,17.35
4/23/2009,17.65
4/24/2009,18
4/27/2009,18.200001
4/28/2009,18.1
4/29/2009,18.5
4/30/2009,18.950001
5/4/2009,19.950001
5/6/2009,21.200001
5/7/2009,21.200001
5/11/2009,22
5/12/2009,22
5/13/2009,22.200001
5/14/2009,20.799999
5/15/2009,20.9
5/18/2009,20.9
5/19/2009,21.799999
5/20/2009,22
5/21/2009,21.4
5/22/2009,21.5
5/25/2009,21.200001
5/26/2009,21
5/27/2009,21.799999
5/28/2009,21.700001
5/29/2009,22
6/1/2009,23.200001
6/2/2009,22.700001
6/3/2009,22.6
6/4/2009,22.9
6/5/2009,23.1
6/8/2009,22.9
6/9/2009,23.1
6/10/2009,24.4
6/11/2009,25.1
6/12/2009,25.799999
6/15/2009,24.700001
6/16/2009,23.9
6/17/2009,23.4
6/18/2009,22.5
6/19/2009,23.4
6/22/2009,22.799999
6/23/2009,22.200001
6/24/2009,22.799999
6/25/2009,23.5
6/26/2009,23.700001
6/29/2009,23.700001
6/30/2009,23.4
7/2/2009,22.9
7/3/2009,22.700001
7/8/2009,22.200001
7/9/2009,22.700001
7/10/2009,21.6
7/13/2009,21.5
7/14/2009,22.200001
7/15/2009,22.299999
7/16/2009,22.1
7/17/2009,22.200001
7/20/2009,23.700001
7/21/2009,23.299999
7/22/2009,22.6
7/23/2009,23.200001
7/24/2009,23.299999
7/27/2009,23.6
7/28/2009,23.799999
7/29/2009,23.5
7/30/2009,24
7/31/2009,23.9
8/3/2009,24.799999
8/4/2009,25
8/5/2009,24.799999
8/6/2009,25.6
8/7/2009,25.1
8/10/2009,25.1
8/11/2009,25
8/13/2009,25.4
8/14/2009,25
8/17/2009,23.5
8/18/2009,23.700001
8/19/2009,23.200001
8/20/2009,23.6
8/21/2009,23.700001
8/24/2009,24.4
8/25/2009,24.700001
8/26/2009,24.6
8/27/2009,24.4
8/28/2009,24.700001
8/31/2009,24.4
9/1/2009,24.299999
9/2/2009,23.799999
9/3/2009,24
9/4/2009,24
9/7/2009,24.5
9/8/2009,25.299999
9/9/2009,26
9/10/2009,26.4
9/11/2009,26.5
9/14/2009,25.700001
9/15/2009,26.5
9/16/2009,26.6
9/17/2009,26.5
9/18/2009,26.6
9/21/2009,26.4
9/22/2009,26.700001
9/23/2009,26.799999
9/24/2009,26.5
9/25/2009,26.200001
9/28/2009,25.700001
9/29/2009,25.9
9/30/2009,26.200001
10/1/2009,26.299999
10/2/2009,26.1
10/5/2009,25.799999
10/6/2009,26.4
10/7/2009,26.799999
10/8/2009,26.700001
10/9/2009,26.9
10/12/2009,27
10/13/2009,27.299999
10/14/2009,26.700001
10/15/2009,25.5
10/16/2009,26.200001
10/19/2009,26.5
10/20/2009,26.1
10/21/2009,25.6
10/22/2009,25.5
10/26/2009,25.799999
10/27/2009,25.700001
10/28/2009,25.1
10/29/2009,24.299999
10/30/2009,24
11/2/2009,23.299999
11/3/2009,22.799999
11/4/2009,23.6
11/5/2009,23.4
11/6/2009,24.299999
11/9/2009,25.200001
11/10/2009,24.799999
11/11/2009,25
11/12/2009,23.6
11/13/2009,23.6
11/16/2009,23.799999
11/17/2009,23.9
11/18/2009,23.9
11/19/2009,23.299999
11/20/2009,23.1
11/23/2009,22.9
11/24/2009,22.1
11/25/2009,22.9
11/26/2009,22.299999
11/27/2009,22.200001
11/30/2009,22.4
12/1/2009,23.700001
12/2/2009,22.5
12/3/2009,22.700001
12/4/2009,22.200001
12/8/2009,22.1
12/9/2009,22.1
12/11/2009,22.200001
12/14/2009,22.5
12/15/2009,22.700001
12/16/2009,22.799999
12/17/2009,22.799999
12/18/2009,22.700001
12/21/2009,22.9
12/22/2009,23.4
12/23/2009,24
12/24/2009,23.799999
12/25/2009,24.1
12/28/2009,24.4
12/29/2009,25
12/30/2009,24.6
1/4/2010,24.5
1/5/2010,24.4
1/6/2010,24.5
1/7/2010,24.4
1/8/2010,24.6
1/11/2010,24.9
1/12/2010,24.700001
1/13/2010,24.6
1/14/2010,24.700001
1/15/2010,24.700001
1/18/2010,24.700001
1/19/2010,24.200001
1/20/2010,23.799999
1/21/2010,23.1
1/22/2010,22.9
1/25/2010,22.6
1/26/2010,22.200001
1/27/2010,21.700001
1/28/2010,22
1/29/2010,22.299999
2/1/2010,22.4
2/2/2010,21.9
2/3/2010,22.5
2/4/2010,22.200001
2/5/2010,21.799999
2/8/2010,21.700001
2/9/2010,21.4
2/10/2010,21.6
2/11/2010,22
2/12/2010,22.1
2/15/2010,21.6
2/16/2010,21.6
2/17/2010,21.799999
2/18/2010,21.799999
2/19/2010,22.4
2/22/2010,22.700001
2/23/2010,23.299999
2/24/2010,23.1
2/25/2010,23.1
2/26/2010,23.200001
3/2/2010,24.1
3/3/2010,24.200001
3/4/2010,23.6
3/5/2010,23.1
3/8/2010,23.5
3/9/2010,23.700001
3/10/2010,23.700001
3/11/2010,23.700001
3/12/2010,24
3/15/2010,24
3/16/2010,24.6
3/17/2010,25
3/18/2010,24.700001
3/19/2010,25.1
3/22/2010,24.9
3/23/2010,25.6
3/24/2010,25.6
3/25/2010,25.4
3/26/2010,25.1
3/29/2010,24.700001
3/30/2010,25.5
3/31/2010,26.200001
4/1/2010,27
4/2/2010,27.1
4/5/2010,27.299999
4/7/2010,27.9
4/8/2010,26.700001
4/9/2010,26.9
4/12/2010,25.6
4/16/2010,24.700001
4/19/2010,24.5
4/20/2010,26
4/21/2010,25.5
4/22/2010,25.6
4/23/2010,25.299999
4/26/2010,25.799999
4/27/2010,25.6
4/28/2010,25
4/29/2010,25.1
4/30/2010,25.700001
5/4/2010,26.9
5/6/2010,26.299999
5/7/2010,25.6
5/10/2010,25.799999
5/11/2010,25.4
5/12/2010,25.5
5/13/2010,25.200001
5/14/2010,25.4
5/17/2010,24.799999
5/18/2010,24.9
5/19/2010,25.1
5/24/2010,24.200001
5/25/2010,23.299999
5/26/2010,23.700001
5/27/2010,24.200001
5/31/2010,24.6
6/1/2010,24.1
6/2/2010,24.4
6/3/2010,24.799999
6/4/2010,25.1
6/7/2010,24.6
6/8/2010,24.299999
6/9/2010,24.5
6/10/2010,24.5
6/11/2010,24.4
6/14/2010,24.6
6/15/2010,24.5
6/16/2010,25.1
6/17/2010,25.1
6/18/2010,25.200001
6/21/2010,25.700001
6/22/2010,25.5
6/23/2010,25.4
6/24/2010,25
6/25/2010,25
6/28/2010,25.4
6/29/2010,25
6/30/2010,24.6
7/2/2010,24.6
7/5/2010,24.4
7/6/2010,25
7/7/2010,24.700001
7/8/2010,24.700001
7/9/2010,24.799999
7/12/2010,24.6
7/13/2010,24.700001
7/14/2010,24.6
7/15/2010,24.6
7/16/2010,24.6
7/19/2010,24.700001
7/20/2010,24.6
7/21/2010,24.5
7/22/2010,24.200001
7/23/2010,24.700001
7/27/2010,25.5
7/28/2010,25.6
7/29/2010,25.6
7/30/2010,25.4
8/2/2010,25.700001
8/3/2010,25.799999
8/4/2010,25.9
8/5/2010,26.1
8/6/2010,25.9
8/9/2010,25.6
8/10/2010,25.1
8/11/2010,25
8/16/2010,25.5
8/17/2010,25.700001
8/18/2010,26
8/19/2010,26.6
8/20/2010,26.6
8/23/2010,26.4
8/24/2010,25.799999
8/25/2010,25.700001
8/26/2010,25.799999
8/27/2010,25.799999
8/30/2010,26.299999
8/31/2010,26.5
9/1/2010,27.1
9/2/2010,26.9
9/3/2010,29.1
9/6/2010,30.200001
9/7/2010,29.200001
9/8/2010,28.9
9/9/2010,28.5
9/10/2010,28.799999
9/13/2010,29.1
9/14/2010,28.200001
9/15/2010,28.1
9/16/2010,28.4
9/17/2010,28.5
9/20/2010,28.4
9/21/2010,28.700001
9/22/2010,29.299999
9/23/2010,29.1
9/24/2010,29
9/27/2010,29.4
9/28/2010,29.200001
9/29/2010,29.299999
9/30/2010,29.700001
10/1/2010,29.700001
10/4/2010,29.700001
10/5/2010,29.700001
10/6/2010,30.200001
10/7/2010,30
10/8/2010,30.200001
10/11/2010,30.6
10/12/2010,30.4
10/13/2010,30.9
10/14/2010,31.299999
10/15/2010,31.299999
10/18/2010,30.799999
10/19/2010,31
10/20/2010,30.700001
10/21/2010,30.5
10/22/2010,30.4
10/26/2010,30.5
10/27/2010,30
10/28/2010,30.200001
10/29/2010,30.299999
11/1/2010,30.9
11/2/2010,30.799999
11/3/2010,31.4
11/4/2010,33.099998
11/5/2010,34.200001
11/8/2010,34.200001
11/9/2010,33.799999
11/10/2010,33.700001
11/11/2010,33.299999
11/12/2010,32.900002
11/15/2010,33.200001
11/16/2010,32.099998
11/17/2010,31.6
11/18/2010,32.099998
11/19/2010,32.299999
11/22/2010,32.599998
11/23/2010,32.200001
11/24/2010,31
11/25/2010,30.200001
11/26/2010,30.299999
11/29/2010,31.4
11/30/2010,30.9
12/1/2010,31.299999
12/2/2010,32.099998
12/3/2010,32.099998
12/7/2010,32.900002
12/8/2010,32.299999
12/9/2010,32.400002
12/13/2010,32.599998
12/14/2010,32.400002
12/15/2010,32
12/16/2010,32
12/17/2010,32
12/20/2010,31.799999
12/21/2010,32.299999
12/22/2010,32
12/23/2010,31.9
12/24/2010,31.799999
12/27/2010,31.799999
12/28/2010,32
12/29/2010,32
12/30/2010,32
1/4/2011,33
1/5/2011,33.200001
1/6/2011,33.200001
1/7/2011,32.200001
1/10/2011,31.799999
1/11/2011,31.9
1/12/2011,32.900002
1/13/2011,33.299999
1/14/2011,33.200001
1/17/2011,32.799999
1/18/2011,33.400002
1/19/2011,34.200001
1/20/2011,33.900002
1/21/2011,33.900002
1/24/2011,32.099998
1/25/2011,32.299999
1/26/2011,33.700001
1/27/2011,34.400002
1/28/2011,34.200001
1/31/2011,33.5
2/1/2011,33.799999
2/2/2011,34.400002
2/3/2011,34.5
2/4/2011,34.5
2/7/2011,33.900002
2/8/2011,33.700001
2/9/2011,33
2/10/2011,32
2/11/2011,31.6
2/14/2011,32.400002
2/15/2011,32.599998
2/16/2011,32.900002
2/17/2011,33.400002
2/21/2011,33.099998
2/22/2011,33.299999
2/23/2011,33.900002
2/24/2011,34
2/25/2011,34.299999
2/28/2011,33.700001
3/1/2011,33.900002
3/2/2011,33.400002
3/3/2011,33.200001
3/4/2011,33.299999
3/7/2011,34.200001
3/8/2011,34.799999
3/9/2011,34.400002
3/10/2011,34.599998
3/11/2011,34.299999
3/14/2011,34.900002
3/15/2011,33.799999
3/16/2011,33.900002
3/17/2011,33.599998
3/21/2011,34.299999
3/22/2011,34.200001
3/23/2011,34.5
3/24/2011,34.700001
3/25/2011,34.799999
3/28/2011,34.599998
3/29/2011,34.599998
3/30/2011,35.200001
3/31/2011,35.400002
4/1/2011,35.700001
4/4/2011,36.799999
4/5/2011,36.799999
4/7/2011,37.700001
4/8/2011,37.599998
4/11/2011,36.799999
4/12/2011,37.099998
4/18/2011,37.5
4/19/2011,37.700001
4/20/2011,38.400002
4/21/2011,38.299999
4/22/2011,38
4/25/2011,37.900002
4/26/2011,37.599998
4/27/2011,37.700001
4/28/2011,37.299999
4/29/2011,37.5
5/3/2011,36.400002
5/4/2011,36.099998
5/6/2011,34.700001
5/9/2011,35.799999
5/10/2011,36.099998
5/11/2011,36.799999
5/12/2011,36
5/13/2011,36.099998
5/18/2011,36.200001
5/19/2011,36.599998
5/20/2011,36.099998
5/23/2011,35.200001
5/24/2011,35.200001
5/25/2011,34.799999
5/26/2011,35.200001
5/27/2011,35.400002
5/30/2011,35.799999
5/31/2011,35.400002
6/1/2011,35
6/2/2011,34.700001
6/3/2011,34.700001
6/6/2011,34.299999
6/7/2011,33.900002
6/8/2011,33
6/9/2011,33.299999
6/10/2011,33.400002
6/13/2011,33.099998
6/14/2011,33.900002
6/15/2011,33.400002
6/16/2011,33.200001
6/17/2011,33
6/20/2011,32.900002
6/21/2011,33.400002
6/22/2011,33
6/23/2011,32.900002
6/24/2011,33.400002
6/27/2011,32.400002
6/28/2011,32.400002
6/29/2011,33.299999
6/30/2011,33.5
7/4/2011,35.099998
7/5/2011,34.700001
7/6/2011,34
7/7/2011,33.900002
7/8/2011,33.5
7/11/2011,33.099998
7/12/2011,32.900002
7/13/2011,33.200001
7/14/2011,33.400002
7/18/2011,33.799999
7/19/2011,34
7/20/2011,34.599998
7/21/2011,34.900002
7/22/2011,35.200001
7/25/2011,35
7/26/2011,34.799999
7/27/2011,35.099998
7/28/2011,35.099998
7/29/2011,34.700001
8/1/2011,35
8/2/2011,34.799999
8/3/2011,34.299999
8/4/2011,34
8/5/2011,33
8/8/2011,32.200001
8/9/2011,31.1
8/10/2011,31.700001
8/11/2011,31.5
8/15/2011,32.700001
8/16/2011,32.299999
8/17/2011,33.200001
8/18/2011,32.900002
8/19/2011,31.799999
8/22/2011,31.5
8/23/2011,31.6
8/24/2011,31.5
8/25/2011,30.9
8/26/2011,31.700001
8/29/2011,32.900002
8/30/2011,32.200001
8/31/2011,32.900002
9/1/2011,33
9/2/2011,32.799999
9/5/2011,32.400002
9/6/2011,31.9
9/7/2011,32.400002
9/8/2011,32.599998
9/9/2011,32.099998
9/12/2011,31.4
9/13/2011,31
9/14/2011,31.200001
9/15/2011,31.6
9/16/2011,31
9/19/2011,30.6
9/20/2011,31
9/21/2011,31.200001
9/22/2011,30.200001
9/23/2011,29
9/26/2011,26.700001
9/27/2011,28.299999
9/28/2011,27.1
9/29/2011,26.299999
9/30/2011,26
10/3/2011,24.4
10/4/2011,24.200001
10/5/2011,25
10/6/2011,27.5
10/7/2011,27.4
10/10/2011,28
10/11/2011,29.200001
10/12/2011,29.299999
10/13/2011,28.4
10/14/2011,29.200001
10/17/2011,30
10/18/2011,29.299999
10/19/2011,29
10/20/2011,27.700001
10/21/2011,28.4
10/25/2011,29.700001
10/26/2011,29.299999
10/27/2011,30.6
10/28/2011,31.200001
10/31/2011,30.6
11/1/2011,29.5
11/2/2011,29.799999
11/3/2011,29.4
11/4/2011,29.1
11/7/2011,29.1
11/8/2011,30.6
11/9/2011,29.6
11/10/2011,30.1
11/11/2011,30
11/14/2011,30.4
11/15/2011,30.299999
11/16/2011,30.799999
11/17/2011,30.700001
11/18/2011,30.299999
11/21/2011,29.700001
11/22/2011,30.1
11/23/2011,29.9
11/24/2011,30.1
11/25/2011,29.700001
11/28/2011,30.200001
11/29/2011,30
11/30/2011,30.6
12/1/2011,31.6
12/2/2011,32
12/6/2011,32.200001
12/7/2011,32.400002
12/8/2011,32.5
12/9/2011,32
12/13/2011,31.799999
12/14/2011,31.299999
12/15/2011,31.5
12/16/2011,31.799999
12/19/2011,31.6
12/20/2011,31.6
12/21/2011,32.099998
12/22/2011,32.200001
12/23/2011,31.9
12/26/2011,31.700001
12/27/2011,31.799999
12/28/2011,31.700001
12/29/2011,31.700001
12/30/2011,31.799999
1/4/2012,32.400002
1/5/2012,32.799999
1/6/2012,32.299999
1/9/2012,32.400002
1/10/2012,32.400002
1/11/2012,32.400002
1/12/2012,32.400002
1/13/2012,32.200001
1/16/2012,32.099998
1/17/2012,33
1/18/2012,32.799999
1/19/2012,33.299999
1/20/2012,33
1/23/2012,33.099998
1/24/2012,33
1/25/2012,32.599998
1/26/2012,33.200001
1/27/2012,33.700001
1/30/2012,34
1/31/2012,34
2/1/2012,33.900002
2/2/2012,34.200001
2/3/2012,34.299999
2/6/2012,34.099998
2/7/2012,34.099998
2/8/2012,34.799999
2/9/2012,35.099998
2/10/2012,34.799999
2/13/2012,34.599998
2/14/2012,33.799999
2/15/2012,34.400002
2/16/2012,34.099998
2/17/2012,34.400002
2/20/2012,35.400002
2/21/2012,35.700001
2/22/2012,35.799999
2/23/2012,35.900002
2/24/2012,36.200001
2/27/2012,35.700001
2/28/2012,36
2/29/2012,36.299999
3/1/2012,36.400002
3/2/2012,36.5
3/5/2012,35.799999
3/6/2012,35.299999
3/8/2012,35.700001
3/9/2012,35.099998
3/12/2012,34.599998
3/13/2012,34.200001
3/14/2012,34.799999
3/15/2012,34.5
3/16/2012,35.400002
3/19/2012,35.200001
3/20/2012,35.5
3/21/2012,35.400002
3/22/2012,34.700001
3/23/2012,34.900002
3/26/2012,34.799999
3/27/2012,35.599998
3/28/2012,35.900002
3/29/2012,35.799999
3/30/2012,35.400002
4/2/2012,35.700001
4/3/2012,35.900002
4/4/2012,35.400002
4/5/2012,34.900002
4/10/2012,34.900002
4/11/2012,34.099998
4/12/2012,34.400002
4/17/2012,33.5
4/18/2012,34.299999
4/19/2012,35.099998
4/20/2012,35.400002
4/23/2012,34.700001
4/24/2012,34.799999
4/25/2012,34.599998
4/26/2012,34.700001
4/27/2012,34.400002
4/30/2012,35.099998
5/2/2012,35.900002
5/3/2012,35.900002
5/4/2012,35.299999
5/8/2012,35.299999
5/9/2012,34.5
5/10/2012,33.5
5/11/2012,33.599998
5/14/2012,33
5/15/2012,33.5
5/16/2012,33.099998
5/17/2012,33.200001
5/18/2012,32.799999
5/21/2012,32.200001
5/22/2012,31.9
5/23/2012,30.799999
5/24/2012,31.299999
5/25/2012,30.700001
5/28/2012,30.4
5/29/2012,31.299999
5/30/2012,30.700001
5/31/2012,31.299999
6/1/2012,30.5
6/5/2012,30.299999
6/6/2012,30.799999
6/7/2012,30.799999
6/8/2012,30.9
6/11/2012,32
6/12/2012,32.5
6/13/2012,32.599998
6/14/2012,32.599998
6/15/2012,33.299999
6/18/2012,33.099998
6/19/2012,33.5
6/20/2012,33.200001
6/21/2012,32.099998
6/22/2012,31.4
6/25/2012,31
6/26/2012,31.1
6/27/2012,31.6
6/28/2012,32
6/29/2012,32.299999
7/2/2012,33
7/3/2012,33.299999
7/4/2012,33.599998
7/5/2012,33.799999
7/6/2012,33.400002
7/9/2012,32.700001
7/10/2012,33.200001
7/11/2012,33.299999
7/12/2012,32.900002
7/13/2012,33.400002
7/16/2012,33.099998
7/17/2012,33.599998
7/18/2012,34
7/19/2012,34.200001
7/20/2012,34
7/23/2012,32.599998
7/24/2012,32.099998
7/25/2012,31.799999
7/26/2012,31.6
7/27/2012,32.200001
7/30/2012,32.700001
7/31/2012,32.599998
8/1/2012,32.200001
8/3/2012,32
8/6/2012,32.5
8/7/2012,33.299999
8/8/2012,33.799999
8/9/2012,33.599998
8/10/2012,34.200001
8/14/2012,34.400002
8/15/2012,34.5
8/16/2012,34.099998
8/17/2012,33.900002
8/20/2012,34.200001
8/21/2012,34.099998
8/22/2012,33.900002
8/23/2012,33.400002
8/24/2012,33.099998
8/27/2012,33.299999
8/28/2012,33.400002
8/29/2012,33.299999
8/30/2012,32.900002
8/31/2012,33
9/3/2012,33.700001
9/4/2012,33.599998
9/5/2012,33.099998
9/6/2012,32.900002
9/7/2012,33
9/10/2012,32.900002
9/11/2012,32.700001
9/12/2012,32.900002
9/13/2012,32.799999
9/14/2012,33.599998
9/17/2012,34.200001
9/18/2012,33.799999
9/19/2012,34
9/20/2012,33.700001
9/21/2012,33.700001
9/24/2012,33.400002
9/25/2012,33.200001
9/26/2012,32.799999
9/27/2012,32.900002
9/28/2012,32.900002
10/1/2012,32.900002
10/2/2012,32.700001
10/3/2012,32.5
10/4/2012,32.099998
10/5/2012,32.200001
10/8/2012,31.799999
10/9/2012,31.5
10/10/2012,31.4
10/11/2012,31.5
10/12/2012,31.5
10/15/2012,31.299999
10/16/2012,31.1
10/17/2012,31.4
10/18/2012,31.700001
10/19/2012,32
10/22/2012,31.9
10/24/2012,31.4
10/25/2012,31.299999
10/26/2012,31.299999
10/29/2012,31.6
10/30/2012,31.700001
10/31/2012,31.799999
11/1/2012,31.799999
11/2/2012,31.9
11/5/2012,32.200001
11/6/2012,31.9
11/7/2012,31.9
11/8/2012,31.700001
11/9/2012,31.6
11/12/2012,31.700001
11/13/2012,31.9
11/14/2012,31.6
11/15/2012,31.4
11/16/2012,31.4
11/19/2012,31.200001
11/20/2012,31
11/21/2012,31
11/22/2012,30.9
11/23/2012,31.200001
11/26/2012,31.200001
11/27/2012,31.4
11/28/2012,31.6
11/29/2012,31.799999
11/30/2012,32
12/3/2012,32.5
12/4/2012,32.700001
12/6/2012,32.799999
12/7/2012,32.599998
12/11/2012,32.799999
12/12/2012,33.099998
12/13/2012,32.900002
12/14/2012,33.099998
12/17/2012,33.099998
12/18/2012,33.099998
12/19/2012,33.299999
12/20/2012,33.299999
12/21/2012,33.299999
12/24/2012,33.099998
12/25/2012,33.299999
12/26/2012,33.099998
12/27/2012,33.5
12/28/2012,33.200001
1/2/2013,33.700001
1/3/2013,33.700001
1/4/2013,33.5
1/7/2013,33.400002
1/8/2013,33
1/9/2013,33.099998
1/10/2013,32.700001
1/11/2013,32.599998
1/14/2013,33.299999
1/15/2013,33.5
1/16/2013,33.599998
1/17/2013,33.599998
1/18/2013,33.599998
1/21/2013,33.599998
1/22/2013,33.5
1/23/2013,33.599998
1/24/2013,33.400002
1/25/2013,33.299999
1/28/2013,33.099998
1/29/2013,33.5
1/30/2013,34.799999
1/31/2013,34.099998
2/1/2013,35.400002
2/4/2013,36.200001
2/5/2013,36.700001
2/6/2013,36.099998
2/7/2013,35.5
2/8/2013,35
2/11/2013,34.700001
2/12/2013,34.700001
2/13/2013,36.099998
2/14/2013,36.200001
2/15/2013,35.700001
2/18/2013,35.200001
2/19/2013,35.799999
2/20/2013,35.599998
2/21/2013,34.799999
2/22/2013,34.900002
2/26/2013,34.400002
2/27/2013,34.099998
2/28/2013,35
3/1/2013,34.5
3/4/2013,34.400002
3/5/2013,34.599998
3/6/2013,34
3/7/2013,33.900002
3/8/2013,33.5
3/11/2013,34.299999
3/12/2013,34.299999
3/13/2013,34.200001
3/14/2013,33.700001
3/15/2013,34
3/18/2013,33.900002
3/19/2013,33.799999
3/20/2013,33.299999
3/21/2013,33.599998
3/22/2013,32
3/25/2013,32.700001
3/26/2013,32.599998
3/27/2013,32.700001
3/28/2013,32.400002
3/29/2013,32.599998
4/1/2013,32.099998
4/2/2013,32.5
4/3/2013,32.200001
4/4/2013,32
4/5/2013,31.5
4/9/2013,31.1
4/10/2013,31.4
4/11/2013,31.700001
4/12/2013,31.5
4/17/2013,30.9
4/18/2013,31.4
4/19/2013,31.799999
4/22/2013,31.200001
4/23/2013,31.200001
4/24/2013,31.4
4/25/2013,31.700001
4/26/2013,31.9
4/29/2013,31.700001
4/30/2013,32.599998
5/2/2013,32.700001
5/3/2013,32.599998
5/7/2013,33
5/8/2013,33.400002
5/9/2013,33.799999
5/10/2013,34
5/13/2013,33.5
5/14/2013,33.400002
5/15/2013,33.900002
5/16/2013,33.700001
5/17/2013,33.5
5/20/2013,34.299999
5/21/2013,34.5
5/22/2013,34.700001
5/23/2013,34.5
5/27/2013,34.400002
5/28/2013,34.900002
5/29/2013,34.299999
5/30/2013,33.700001
5/31/2013,32.599998
6/3/2013,32.200001
6/4/2013,33
6/5/2013,32.200001
6/6/2013,32.599998
6/7/2013,33.5
6/10/2013,33.799999
6/11/2013,32.5
6/12/2013,31.799999
6/13/2013,31.200001
6/14/2013,32.200001
6/17/2013,32.900002
6/18/2013,32.099998
6/19/2013,33.200001
6/20/2013,33.400002
6/21/2013,33.799999
6/24/2013,32.599998
6/25/2013,33
6/26/2013,33.599998
6/27/2013,34.099998
6/28/2013,33.5
7/2/2013,33.700001
7/3/2013,33.900002
7/4/2013,34.200001
7/5/2013,34.799999
7/8/2013,34.400002
7/9/2013,34.599998
7/10/2013,34.299999
7/11/2013,35.099998
7/12/2013,34.599998
7/15/2013,34
7/16/2013,33.900002
7/17/2013,33.799999
7/18/2013,34.200001
7/19/2013,34.099998
7/23/2013,34.599998
7/24/2013,34.400002
7/25/2013,33.299999
7/26/2013,33.900002
7/29/2013,33.599998
7/30/2013,32.799999
7/31/2013,33.099998
8/1/2013,33.099998
8/2/2013,33.099998
8/5/2013,33.299999
8/6/2013,33.5
8/7/2013,32.799999
8/8/2013,33
8/9/2013,32.799999
8/13/2013,33.200001
8/14/2013,32.900002
8/15/2013,32.900002
8/16/2013,32.400002
8/19/2013,31.6
8/20/2013,31.9
8/21/2013,31.1
8/22/2013,32.200001
8/23/2013,32.099998
8/26/2013,31.799999
8/27/2013,32
8/28/2013,31.799999
8/29/2013,32.700001
8/30/2013,32.700001
9/2/2013,32.599998
9/3/2013,32.5
9/4/2013,32.599998
9/5/2013,33.099998
9/6/2013,33.400002
9/9/2013,34.200001
9/10/2013,33.900002
9/11/2013,34
9/12/2013,33.299999
9/13/2013,33.5
9/16/2013,34
9/17/2013,33.900002
9/18/2013,33.099998
9/19/2013,33.299999
9/20/2013,33.599998
9/23/2013,33.299999
9/24/2013,32.700001
9/25/2013,33
9/26/2013,32.700001
9/27/2013,32.599998
9/30/2013,31.6
10/1/2013,32
10/2/2013,31.9
10/3/2013,32
10/4/2013,31.9
10/7/2013,31.9
10/8/2013,32
10/9/2013,32
10/10/2013,32
10/11/2013,32.299999
10/14/2013,31.9
10/15/2013,31.9
10/16/2013,31.9
10/17/2013,31.799999
10/18/2013,32
10/21/2013,32
10/22/2013,32.099998
10/24/2013,32.099998
10/25/2013,32
10/28/2013,31.700001
10/29/2013,31.6
10/30/2013,31.1
10/31/2013,31.700001
11/1/2013,31.5
11/4/2013,31.1
11/5/2013,31.200001
11/6/2013,31.200001
11/7/2013,31.1
11/8/2013,31
11/11/2013,31
11/12/2013,30.799999
11/13/2013,30.799999
11/14/2013,30.799999
11/15/2013,31
11/18/2013,31.1
11/19/2013,30.799999
11/20/2013,30.5
11/21/2013,30.1
11/22/2013,29.700001
11/25/2013,29.299999
11/26/2013,29.1
11/27/2013,29.5
11/28/2013,29.200001
11/29/2013,29.5
12/2/2013,30.200001
12/3/2013,30.700001
12/4/2013,30.6
12/6/2013,30.299999
12/9/2013,30.5
12/11/2013,30.200001
12/12/2013,29.700001
12/13/2013,29.299999
12/16/2013,28.700001
12/17/2013,28.6
12/18/2013,28.9
12/19/2013,29
12/20/2013,29.1
12/23/2013,28.6
12/24/2013,28.799999
12/25/2013,28.9
12/26/2013,28.5
12/27/2013,28.6
1/2/2014,27.4
1/3/2014,26.799999
1/6/2014,26.4
1/7/2014,28.1
1/8/2014,28.5
1/9/2014,28.4
1/10/2014,28.700001
1/13/2014,29.200001
1/14/2014,29.4
1/15/2014,28.6
1/16/2014,28.799999
1/17/2014,28.799999
1/20/2014,28.9
1/21/2014,28.6
1/22/2014,28.200001
1/23/2014,28.9
1/24/2014,29.1
1/27/2014,28.299999
1/28/2014,27.799999
1/29/2014,27.4
1/30/2014,27
1/31/2014,27.6
2/3/2014,27.799999
2/4/2014,27.299999
2/5/2014,27.1
2/6/2014,27.5
2/7/2014,28.6
2/10/2014,28.700001
2/11/2014,28.9
2/12/2014,29.299999
2/13/2014,28.9
2/17/2014,29.700001
2/18/2014,29.700001
2/19/2014,29.200001
2/20/2014,28.700001
2/21/2014,28.6
2/24/2014,29.1
2/25/2014,28.799999
2/26/2014,28.6
2/27/2014,28.700001
2/28/2014,29.299999
3/3/2014,30
3/4/2014,30.1
3/5/2014,30.4
3/6/2014,29.6
3/7/2014,29.200001
3/10/2014,29.1
3/11/2014,30
3/12/2014,29.5
3/13/2014,30
3/14/2014,29.5
3/17/2014,29.4
3/18/2014,29.5
3/19/2014,29
3/20/2014,29.299999
3/21/2014,29.200001
3/24/2014,28.700001
3/25/2014,29.5
3/26/2014,29.5
3/27/2014,29.9
3/28/2014,29.9
3/31/2014,29.9
4/1/2014,30.200001
4/2/2014,30.700001
4/3/2014,30.799999
4/4/2014,30.6
4/8/2014,30.200001
4/9/2014,30.4
4/10/2014,30.700001
4/11/2014,30.700001
4/16/2014,31.5
4/17/2014,31.200001
4/18/2014,31.1
4/21/2014,31
4/22/2014,30.700001
4/23/2014,30.799999
4/24/2014,30.9
4/25/2014,30.700001
4/28/2014,30.6
4/29/2014,30.299999
4/30/2014,31.299999
5/2/2014,30.9
5/6/2014,30.9
5/7/2014,31
5/8/2014,30.5
5/9/2014,30.4
5/12/2014,30.1
5/14/2014,30.4
5/15/2014,30.299999
5/16/2014,30.5
5/19/2014,30.799999
5/20/2014,30.5
5/21/2014,31
5/22/2014,30.799999
5/23/2014,30.4
5/26/2014,29.6
5/27/2014,29.4
5/28/2014,29.5
5/29/2014,29.299999
5/30/2014,29.4
6/2/2014,29.799999
6/3/2014,30.200001
6/4/2014,30.1
6/5/2014,29.700001
6/6/2014,29.799999
6/9/2014,29.5
6/10/2014,29.799999
6/11/2014,29.9
6/12/2014,29.4
6/13/2014,29.200001
6/16/2014,29.799999
6/17/2014,29.9
6/18/2014,29.5
6/19/2014,29.700001
6/20/2014,29.799999
6/23/2014,30.1
6/24/2014,29.700001
6/25/2014,30
6/26/2014,30.799999
6/27/2014,31.200001
6/30/2014,31.799999
7/2/2014,31.9
7/3/2014,31.9
7/4/2014,31.9
7/7/2014,32.599998
7/8/2014,32.099998
7/9/2014,32.200001
7/10/2014,32.599998
7/14/2014,32.599998
7/15/2014,32.400002
7/16/2014,32.400002
7/17/2014,33
7/18/2014,33.099998
7/21/2014,33.5
7/22/2014,33.099998
7/23/2014,33.299999
7/24/2014,33.400002
7/25/2014,33.400002
7/28/2014,32.900002
7/29/2014,33.099998
7/30/2014,32.599998
7/31/2014,31.9
8/1/2014,31.4
8/4/2014,32.299999
8/5/2014,32.799999
8/6/2014,32.5
8/7/2014,32.599998
8/8/2014,32.200001
8/13/2014,33.099998
8/14/2014,33.200001
8/15/2014,33.5
8/18/2014,33.400002
8/19/2014,33.400002
8/20/2014,33.599998
8/21/2014,33.599998
8/22/2014,33.599998
8/25/2014,33.400002
8/26/2014,33.299999
8/27/2014,33
8/28/2014,32.099998
8/29/2014,32.099998
9/1/2014,31.9
9/2/2014,32
9/3/2014,32.700001
9/4/2014,33.099998
9/5/2014,33.099998
9/8/2014,33.400002
9/9/2014,34.799999
9/10/2014,35
9/11/2014,35.599998
9/12/2014,35.400002
9/15/2014,35.200001
9/16/2014,35.200001
9/17/2014,35
9/18/2014,35
9/19/2014,35.400002
9/22/2014,35.799999
9/23/2014,35.900002
9/24/2014,35.299999
9/25/2014,35.200001
9/26/2014,35.700001
9/29/2014,35.299999
9/30/2014,36
10/1/2014,36.599998
10/2/2014,36.900002
10/3/2014,36.400002
10/6/2014,37
10/7/2014,36.700001
10/8/2014,36.799999
10/9/2014,37.5
10/10/2014,36.400002
10/13/2014,35.200001
10/14/2014,35.599998
10/15/2014,35.099998
10/16/2014,34.5
10/17/2014,35.400002
10/20/2014,35.099998
10/21/2014,35.299999
10/22/2014,35.200001
10/24/2014,35.200001
10/27/2014,35.5
10/28/2014,35.5
10/29/2014,35.400002
10/30/2014,35.400002
10/31/2014,36.799999
11/3/2014,36.200001
11/4/2014,36.799999
11/5/2014,36.799999
11/6/2014,38.099998
11/7/2014,39.099998
11/10/2014,37.900002
11/11/2014,38
11/12/2014,38.200001
11/13/2014,39.299999
11/14/2014,38.799999
11/17/2014,38.400002
11/18/2014,38.700001
11/19/2014,38.599998
11/20/2014,38.400002
11/21/2014,38.700001
11/24/2014,38.799999
11/25/2014,39.700001
11/26/2014,39.400002
11/27/2014,39
11/28/2014,38.299999
12/1/2014,36.400002
12/2/2014,36.599998
12/3/2014,36.799999
12/4/2014,37.299999
12/8/2014,36.700001
12/9/2014,34.5
12/11/2014,33.299999
12/12/2014,33
12/15/2014,31.4
12/16/2014,30.299999
12/17/2014,31.5
12/18/2014,33.5
12/19/2014,33
12/22/2014,34.400002
12/23/2014,33.700001
12/24/2014,33.700001
12/25/2014,32.799999
12/26/2014,33
12/29/2014,32.599998
12/30/2014,32.400002
1/5/2015,31.5
1/6/2015,32.299999
1/7/2015,33.400002
1/8/2015,34
1/9/2015,33.799999
1/12/2015,33.299999
1/13/2015,32.799999
1/14/2015,32.200001
1/15/2015,31.9
1/16/2015,32.200001
1/19/2015,33.299999
1/20/2015,33.5
1/21/2015,33
1/22/2015,34.099998
1/23/2015,34.799999
1/26/2015,34.5
1/27/2015,35
1/28/2015,34.900002
1/29/2015,35
1/30/2015,34.599998
2/2/2015,35.5
2/3/2015,37
2/4/2015,37.799999
2/5/2015,37.400002
2/6/2015,37.700001
2/9/2015,36.599998
2/10/2015,36.099998
2/11/2015,35.700001
2/12/2015,35.900002
2/13/2015,36.900002
2/16/2015,36.200001
2/17/2015,35.400002
2/18/2015,35.599998
2/19/2015,34.5
2/20/2015,34.5
2/23/2015,33.799999
2/24/2015,34.099998
2/25/2015,33.799999
2/26/2015,34.5
2/27/2015,34.299999
3/2/2015,35
3/3/2015,34
3/5/2015,33.200001
3/6/2015,32.900002
3/9/2015,33.200001
3/10/2015,33
3/11/2015,33
3/12/2015,32.700001
3/13/2015,32.400002
3/16/2015,31.700001
3/17/2015,31.9
3/18/2015,32.599998
3/19/2015,32.700001
3/20/2015,32.200001
3/23/2015,32.599998
3/24/2015,33.099998
3/25/2015,32.5
3/26/2015,32.599998
3/27/2015,32.5
3/30/2015,32.099998
3/31/2015,32.299999
4/1/2015,32.400002
4/2/2015,32.799999
4/3/2015,33
4/7/2015,34.099998
4/8/2015,34
4/9/2015,33.200001
4/10/2015,33.400002
4/16/2015,35.5
4/17/2015,36.099998
4/20/2015,35.200001
4/21/2015,35.400002
4/22/2015,34.599998
4/23/2015,34.5
4/24/2015,35.599998
4/27/2015,36.200001
4/28/2015,36.200001
4/29/2015,35.299999
4/30/2015,35.599998
5/6/2015,36.200001
5/7/2015,35.900002
5/8/2015,35.900002
5/11/2015,35.400002
5/12/2015,34.5
5/13/2015,35.400002
5/14/2015,35.200001
5/15/2015,36.099998
5/18/2015,36
5/19/2015,36.799999
5/20/2015,36.099998
5/21/2015,36.5
5/22/2015,36.099998
5/25/2015,36.099998
5/26/2015,36
5/27/2015,35.5
5/28/2015,35
5/29/2015,34.700001
6/2/2015,34.200001
6/3/2015,34
6/4/2015,33.700001
6/5/2015,34.599998
6/8/2015,34.400002
6/9/2015,33.700001
6/10/2015,34.400002
6/11/2015,34.299999
6/12/2015,33.900002
6/15/2015,34
6/16/2015,34.599998
6/17/2015,35.5
6/18/2015,35.5
6/19/2015,35.400002
6/22/2015,35.599998
6/23/2015,35.700001
6/24/2015,36.200001
6/25/2015,36.700001
6/26/2015,36.400002
6/29/2015,36.299999
6/30/2015,35.900002
7/2/2015,35.599998
7/3/2015,35.400002
7/6/2015,34.700001
7/7/2015,34.900002
7/8/2015,34
7/9/2015,33.799999
7/10/2015,34.099998
7/13/2015,33.799999
7/14/2015,33.799999
7/15/2015,33.799999
7/16/2015,33.900002
7/17/2015,33.400002
7/20/2015,33
7/21/2015,32.200001
7/22/2015,31.4
7/23/2015,31.9
7/24/2015,31.700001
7/27/2015,31.4
7/28/2015,31.4
7/29/2015,31.700001
7/31/2015,32.599998
8/3/2015,32.700001
8/4/2015,31.799999
8/5/2015,31.9
8/6/2015,31.6
8/7/2015,31.5
8/10/2015,31.299999
8/11/2015,30.799999
8/13/2015,30
8/14/2015,30.200001
8/17/2015,29.700001
8/18/2015,28
8/19/2015,27.299999
8/20/2015,25.799999
8/21/2015,26.5
8/24/2015,24
8/25/2015,25.200001
8/26/2015,24.9
8/27/2015,25.9
8/28/2015,26.9
8/31/2015,26.799999
9/1/2015,26.4
9/2/2015,26.6
9/3/2015,26.4
9/4/2015,26
9/7/2015,26
9/8/2015,26
9/9/2015,26.299999
9/10/2015,25.6
9/11/2015,25.1
9/14/2015,24.6
9/15/2015,24.700001
9/16/2015,25
9/17/2015,25.5
9/18/2015,25.299999
9/21/2015,25.6
9/22/2015,25
9/23/2015,25.200001
9/24/2015,24.700001
9/25/2015,25
9/28/2015,24.5
9/29/2015,24.299999
9/30/2015,24
10/1/2015,24.1
10/2/2015,24.6
10/5/2015,25.299999
10/6/2015,25.299999
10/7/2015,26.799999
10/8/2015,26.6
10/9/2015,27.200001
10/12/2015,27
10/13/2015,26.5
10/14/2015,26.200001
10/15/2015,26.5
10/16/2015,26.6
10/19/2015,26.700001
10/20/2015,27
10/21/2015,26.9
10/22/2015,26.9
10/26/2015,28.1
10/27/2015,28.5
10/28/2015,28.299999
10/29/2015,28.200001
10/30/2015,27.5
11/2/2015,28.6
11/3/2015,28.700001
11/4/2015,29.9
11/5/2015,29.4
11/6/2015,29.6
11/9/2015,28.6
11/10/2015,27.799999
11/11/2015,27.799999
11/12/2015,28.299999
11/13/2015,27.6
11/16/2015,27.4
11/17/2015,27.1
11/18/2015,26.299999
11/19/2015,26.9
11/20/2015,27.5
11/23/2015,27.1
11/24/2015,26.9
11/25/2015,27
11/26/2015,26.799999
11/27/2015,26.5
11/30/2015,25.6
12/1/2015,25.299999
12/2/2015,25
12/3/2015,25.700001
12/4/2015,25.200001
12/8/2015,24.1
12/9/2015,23.200001
12/11/2015,22
12/14/2015,22.4
12/15/2015,23.4
12/16/2015,24
12/17/2015,24.200001
12/18/2015,22.5
12/21/2015,23.200001
12/22/2015,24
12/23/2015,24.799999
12/24/2015,25
12/25/2015,24.799999
12/28/2015,24.700001
12/29/2015,23.700001
12/30/2015,24.4
1/4/2016,23.799999
1/5/2016,22.700001
1/6/2016,22.799999
1/7/2016,20.9
1/8/2016,21.5
1/11/2016,21.1
1/12/2016,21.4
1/13/2016,22.700001
1/14/2016,21.9
1/15/2016,20.6
1/18/2016,19.799999
1/19/2016,21.1
1/20/2016,20
1/21/2016,20.4
1/22/2016,21.799999
1/25/2016,22.200001
1/26/2016,21.9
1/27/2016,22.200001
1/28/2016,23.5
1/29/2016,23.6
2/1/2016,24
2/2/2016,23.200001
2/3/2016,23.4
2/4/2016,23.799999
2/5/2016,24.200001
2/8/2016,24
2/9/2016,24.1
2/10/2016,23.6
2/11/2016,22.799999
2/15/2016,23.5
2/16/2016,23.799999
2/17/2016,24.299999
2/18/2016,25
2/19/2016,25.799999
2/23/2016,26.200001
2/24/2016,25.799999
2/25/2016,26.1
2/26/2016,26.4
2/29/2016,26
3/1/2016,26.799999
3/2/2016,27.299999
3/3/2016,27.200001
3/4/2016,27.700001
3/7/2016,28.6
3/8/2016,28.1
3/9/2016,28.1
3/10/2016,27.5
3/11/2016,28.1
3/14/2016,27.6
3/15/2016,27
3/16/2016,27.1
3/17/2016,27.799999
3/18/2016,28.200001
3/21/2016,28.700001
3/22/2016,28.799999
3/23/2016,29.1
3/24/2016,28.5
3/25/2016,28.299999
3/28/2016,28.4
3/29/2016,28.4
3/30/2016,28.700001
3/31/2016,28
4/1/2016,27.799999
4/4/2016,28
4/5/2016,27.5
4/7/2016,27.200001
4/8/2016,28
4/11/2016,28.4
4/12/2016,28.6
4/18/2016,28.799999
4/19/2016,29.799999
4/20/2016,30.299999
4/21/2016,31.299999
4/22/2016,31
4/25/2016,30.299999
4/26/2016,30.200001
4/27/2016,30.299999
4/28/2016,30.299999
4/29/2016,30.4
5/3/2016,29.700001
5/4/2016,29.299999
5/9/2016,29.9
5/10/2016,29.4
5/11/2016,29.200001
5/12/2016,30.5
5/13/2016,30
5/16/2016,30.700001
5/17/2016,31.200001
5/18/2016,31.1
5/19/2016,30.299999
5/23/2016,29.9
5/24/2016,29.5
5/25/2016,30
5/26/2016,30.5
5/27/2016,30.700001
5/30/2016,31
5/31/2016,30.1
6/1/2016,29.9
6/2/2016,30.5
6/3/2016,30.6
6/6/2016,30.799999
6/7/2016,30.9
6/8/2016,31.700001
6/9/2016,31.9
6/10/2016,31.700001
6/13/2016,31.6
6/14/2016,31.700001
6/15/2016,31.9
6/16/2016,31.299999
6/17/2016,31.700001
6/20/2016,31.799999
6/21/2016,31.9
6/22/2016,32
6/23/2016,32.400002
6/24/2016,30.799999
6/27/2016,30.9
6/28/2016,31.200001
6/29/2016,31.200001
6/30/2016,31.299999
7/4/2016,31.4
7/5/2016,31.200001
7/6/2016,31
7/7/2016,31.4
7/8/2016,31.200001
7/11/2016,30.9
7/12/2016,31.299999
7/13/2016,31.5
7/14/2016,32.400002
7/15/2016,32.700001
7/20/2016,33.700001
7/21/2016,33.599998
7/22/2016,34.200001
7/25/2016,33.900002
7/26/2016,32.900002
7/27/2016,33
7/28/2016,33.400002
7/29/2016,33
8/1/2016,32.700001
8/2/2016,31.9
8/3/2016,32.099998
8/4/2016,33.200001
8/5/2016,33.5
8/8/2016,33.700001
8/9/2016,33.799999
8/10/2016,33.700001
8/11/2016,33.799999
8/15/2016,34.400002
8/16/2016,34.400002
8/17/2016,34.200001
8/18/2016,34.700001
8/19/2016,34.900002
8/22/2016,35
8/23/2016,34.5
8/24/2016,34.700001
8/25/2016,34.599998
8/26/2016,35.099998
8/29/2016,35.200001
8/30/2016,35.400002
8/31/2016,34.900002
9/1/2016,34.5
9/2/2016,33.5
9/5/2016,33.299999
9/6/2016,33.299999
9/7/2016,33.299999
9/8/2016,33.299999
9/9/2016,32.5
9/12/2016,31.1
9/13/2016,32.299999
9/14/2016,32.099998
9/15/2016,31.9
9/16/2016,32.599998
9/19/2016,32.900002
9/20/2016,32.599998
9/21/2016,33.299999
9/22/2016,33.700001
9/23/2016,33.299999
9/26/2016,33.099998
9/27/2016,33.099998
9/28/2016,32.900002
9/29/2016,34.200001
9/30/2016,33.900002
10/3/2016,34.700001
10/4/2016,34.599998
10/5/2016,34.700001
10/6/2016,34.700001
10/7/2016,34.5
10/10/2016,33.5
10/11/2016,33.700001
10/12/2016,33.700001
10/13/2016,33.799999
10/14/2016,35.299999
10/17/2016,35.200001
10/18/2016,35.5
10/19/2016,35.400002
10/20/2016,35.700001
10/21/2016,35.200001
10/25/2016,35.400002
10/26/2016,34.700001
10/27/2016,35.099998
10/28/2016,34.900002
10/31/2016,34.599998
11/1/2016,34.599998
11/2/2016,34.200001
11/3/2016,34
11/4/2016,33.700001
11/7/2016,34.599998
11/8/2016,34.900002
11/9/2016,34.5
11/10/2016,34.099998
11/11/2016,33.5
11/14/2016,32.700001
11/15/2016,33.700001
11/16/2016,33.700001
11/17/2016,34
11/18/2016,34.400002
11/21/2016,34.099998
11/22/2016,34.400002
11/23/2016,35
11/24/2016,34.900002
11/25/2016,34.799999
11/28/2016,34.400002
11/29/2016,34.200001
11/30/2016,34.900002
12/1/2016,36.400002
12/2/2016,35.599998
12/6/2016,36.700001
12/7/2016,36.5
12/8/2016,36.200001
12/9/2016,36.900002
12/13/2016,36.799999
12/14/2016,36.599998
12/15/2016,36.200001
12/16/2016,36.299999
12/19/2016,36.5
12/20/2016,36.400002
12/21/2016,36.299999
12/22/2016,36.299999
12/23/2016,36.5
12/26/2016,36.5
12/27/2016,36.5
12/28/2016,36.900002
12/29/2016,37.5
12/30/2016,37.200001
1/4/2017,38
1/5/2017,38.700001
1/6/2017,38.900002
1/9/2017,38.299999
1/10/2017,38.799999
1/11/2017,38.5
1/12/2017,38.299999
1/16/2017,38.900002
1/17/2017,38.700001
1/18/2017,38.5
1/19/2017,38.5
1/20/2017,38.599998
1/23/2017,38.900002
1/24/2017,40.799999
1/25/2017,41
1/26/2017,42
1/27/2017,41.799999
1/30/2017,41.799999
1/31/2017,40.400002
2/1/2017,40.400002
2/2/2017,40.400002
2/3/2017,41
2/6/2017,41.599998
2/7/2017,41
2/8/2017,40.799999
2/9/2017,39.400002
2/10/2017,39.599998
2/14/2017,38.599998
2/15/2017,39.700001
2/16/2017,39.400002
2/17/2017,39.599998
2/20/2017,39.700001
2/21/2017,39.700001
2/22/2017,40.200001
2/23/2017,39.799999
2/24/2017,39.900002
2/27/2017,40
2/28/2017,39.700001
3/1/2017,39.900002
3/2/2017,39.900002
3/3/2017,39.599998
3/6/2017,38.799999
3/7/2017,38.900002
3/8/2017,39.400002
3/9/2017,39
3/10/2017,39
3/13/2017,39.400002
3/14/2017,39.700001
3/15/2017,39.5
3/16/2017,39.700001
3/17/2017,39.599998
3/20/2017,40.200001
3/21/2017,40.599998
3/22/2017,40.599998
3/23/2017,40.200001
3/24/2017,40.799999
3/27/2017,40.400002
3/28/2017,40.400002
3/29/2017,39.5
3/30/2017,39.5
3/31/2017,38.700001
4/3/2017,39.200001
4/4/2017,39.200001
4/5/2017,39
4/7/2017,39.200001
4/10/2017,39.5
4/11/2017,39.400002
4/12/2017,39.700001
4/17/2017,39.299999
4/18/2017,39.200001
4/19/2017,39.299999
4/20/2017,39.200001
4/21/2017,39
4/24/2017,38.900002
4/25/2017,39
4/26/2017,38.799999
4/27/2017,38.799999
4/28/2017,38.900002
5/2/2017,38.900002
5/3/2017,38.900002
5/4/2017,39
5/8/2017,38.900002
5/9/2017,38.700001
5/11/2017,38.599998
5/12/2017,38.099998
5/15/2017,38.599998
5/16/2017,39.299999
5/17/2017,38.900002
5/18/2017,39.200001
5/19/2017,39.299999
5/22/2017,39.299999
5/23/2017,39.299999
5/24/2017,39.5
5/25/2017,39.400002
5/26/2017,39.299999
5/29/2017,39.400002
5/30/2017,39.200001
5/31/2017,39.299999
6/1/2017,39
6/2/2017,39.099998
6/5/2017,38.299999
6/6/2017,38.5
6/7/2017,38.5
6/8/2017,38.200001
6/9/2017,38.299999
6/12/2017,38.099998
6/13/2017,38.5
6/14/2017,38.400002
6/15/2017,38
6/16/2017,37.900002
6/19/2017,38
6/20/2017,38.400002
6/21/2017,37.700001
6/22/2017,37.799999
6/23/2017,38
6/26/2017,37.900002
6/27/2017,38
6/28/2017,37.700001
6/29/2017,37.5
6/30/2017,37
7/3/2017,37.299999
7/4/2017,37.400002
7/5/2017,37.299999
7/6/2017,36.900002
7/7/2017,37.400002
7/11/2017,37.299999
7/12/2017,37.200001
7/13/2017,37.599998
7/14/2017,37.400002
7/17/2017,37.599998
7/18/2017,38
7/19/2017,38
7/20/2017,37.799999
7/21/2017,37.799999
7/24/2017,37.799999
7/25/2017,38.5
7/26/2017,38.799999
7/27/2017,38.799999
7/31/2017,38.799999
8/1/2017,38.599998
8/2/2017,38.099998
8/3/2017,38
8/4/2017,38.099998
8/7/2017,38.200001
8/8/2017,38.200001
8/9/2017,38.400002
8/10/2017,38.200001
8/11/2017,38.099998
8/15/2017,38.400002
8/16/2017,38.400002
8/17/2017,38.5
8/18/2017,38.900002
8/21/2017,39.299999
8/22/2017,39.200001
8/23/2017,39.400002
8/24/2017,39.299999
8/25/2017,39.400002
8/28/2017,39.400002
8/29/2017,40
8/30/2017,40.200001
8/31/2017,39.900002
9/1/2017,40
9/4/2017,39.900002
9/5/2017,40
9/6/2017,39.799999
9/7/2017,40.599998
9/8/2017,40.599998
9/11/2017,40.400002
9/12/2017,40.599998
9/13/2017,40.400002
9/14/2017,41
9/15/2017,41.200001
9/18/2017,41.599998
9/19/2017,42
9/20/2017,41.599998
9/21/2017,41.400002
9/22/2017,40.599998
9/25/2017,41.200001
9/26/2017,41.799999
9/27/2017,41.799999
9/28/2017,41.400002
9/29/2017,40.799999
10/2/2017,41.799999
10/3/2017,42.200001
10/4/2017,42.400002
10/5/2017,41.799999
10/6/2017,42
10/9/2017,41.799999
10/10/2017,42.799999
10/11/2017,43
10/12/2017,42.400002
10/16/2017,42.799999
10/17/2017,43
10/18/2017,42.200001
10/19/2017,41.599998
10/20/2017,41
10/24/2017,41
10/25/2017,41
10/27/2017,41.599998
10/30/2017,42
10/31/2017,42
11/1/2017,42
11/2/2017,41.599998
11/3/2017,41.599998
11/6/2017,42.200001
11/7/2017,42.400002
11/8/2017,42
11/9/2017,41.599998
11/10/2017,41.400002
11/13/2017,41.400002
11/14/2017,41.799999
11/15/2017,41.200001
11/16/2017,41
11/17/2017,41.799999
11/20/2017,41.599998
11/21/2017,41.400002
11/22/2017,41.400002
11/23/2017,41.200001
11/24/2017,41.400002
11/27/2017,41.599998
11/28/2017,41.400002
11/29/2017,41.200001
11/30/2017,41.200001
12/1/2017,42
12/4/2017,42
12/6/2017,42.200001
12/7/2017,42
12/8/2017,42.200001
12/12/2017,42.799999
12/13/2017,42.599998
12/14/2017,43
12/15/2017,43.200001
12/18/2017,43.599998
12/19/2017,43.799999
12/20/2017,44
12/21/2017,43.799999
12/22/2017,44.599998
12/25/2017,44.799999
12/26/2017,44
12/27/2017,44
12/28/2017,43.799999
12/29/2017,44
1/3/2018,45
1/4/2018,47.200001
1/5/2018,46.799999
1/8/2018,46.599998
1/9/2018,46.599998
1/10/2018,47
1/11/2018,47.200001
1/12/2018,47
1/15/2018,48.400002
1/16/2018,48.200001
1/17/2018,48.400002
1/18/2018,48
1/19/2018,47.799999
1/22/2018,48.400002
1/23/2018,48.799999
1/24/2018,49.200001
1/25/2018,48.599998
1/26/2018,49
1/29/2018,49.799999
1/30/2018,49
1/31/2018,49.200001
2/1/2018,49.799999
2/2/2018,50.200001
2/5/2018,50
2/6/2018,48.400002
2/7/2018,48.400002
2/8/2018,48
2/9/2018,48
2/12/2018,48.799999
2/13/2018,48.799999
2/14/2018,48
2/15/2018,48.599998
2/16/2018,48.599998
2/19/2018,48.799999
2/20/2018,49
2/21/2018,52.200001
2/22/2018,54
2/23/2018,53.799999
2/26/2018,56.599998
2/27/2018,57.400002
2/28/2018,56.799999
3/2/2018,55.599998
3/5/2018,56.200001
3/6/2018,55.200001
3/7/2018,54
3/8/2018,53.200001
3/9/2018,53.400002
3/12/2018,55.799999
3/13/2018,56.599998
3/14/2018,56
3/15/2018,55.799999
3/16/2018,54.799999
3/19/2018,53.599998
3/20/2018,54.200001
3/21/2018,54.200001
3/22/2018,54.400002
3/23/2018,55
3/26/2018,56
3/27/2018,56
3/28/2018,56
3/29/2018,54.799999
3/30/2018,55.200001
4/2/2018,55.200001
4/3/2018,54.599998
4/4/2018,53.200001
4/5/2018,54.200001
4/9/2018,55
4/10/2018,55.200001
4/11/2018,54.599998
4/12/2018,55
4/17/2018,54.599998
4/18/2018,55
4/19/2018,58
4/20/2018,58.799999
4/23/2018,57.200001
4/24/2018,58
4/25/2018,57.5
4/26/2018,56.5
4/27/2018,56.5
4/30/2018,56.5
5/2/2018,57
5/3/2018,57.5
5/4/2018,56.75
5/7/2018,56.75
5/8/2018,55.5
5/9/2018,56.25
5/10/2018,56
5/11/2018,56.75
5/14/2018,57
5/15/2018,56.5
5/16/2018,56.5
5/17/2018,57.25
5/18/2018,57
5/21/2018,57
5/22/2018,55.25
5/23/2018,53.5
5/24/2018,50.75
5/25/2018,52
5/28/2018,50.25
5/30/2018,51.5
5/31/2018,52.25
6/1/2018,51.5
6/4/2018,51.75
6/5/2018,52
6/6/2018,52.5
6/7/2018,52.25
6/8/2018,51
6/11/2018,50.75
6/12/2018,51.5
6/13/2018,51
6/14/2018,51
6/15/2018,50
6/18/2018,49
6/19/2018,47.75
6/20/2018,48.75
6/21/2018,47.5
6/22/2018,48
6/25/2018,48
6/26/2018,48
6/27/2018,48
6/28/2018,47.5
6/29/2018,48
7/2/2018,47.75
7/3/2018,47.5
7/4/2018,47.75
7/5/2018,46.25
7/6/2018,46.25
7/9/2018,47
7/10/2018,48.75
7/11/2018,48.5
7/12/2018,48
7/13/2018,47.5
7/16/2018,47.5
7/17/2018,47.75
7/18/2018,49.5
7/19/2018,49.5
7/20/2018,51.5
7/23/2018,51
7/24/2018,50.25
7/25/2018,51
7/26/2018,51.75
7/31/2018,51.25
8/1/2018,52.5
8/2/2018,52
8/3/2018,51.75
8/6/2018,51.5
8/7/2018,52.25
8/8/2018,53
8/9/2018,52.5
8/10/2018,51.75
8/14/2018,51.75
8/15/2018,51
8/16/2018,50.5
8/17/2018,51.5
8/20/2018,52.25
8/21/2018,51.75
8/22/2018,51.75
8/23/2018,52
8/24/2018,51.75
8/27/2018,52
8/28/2018,52.5
8/29/2018,52.5
8/30/2018,52
8/31/2018,52.5
9/3/2018,52.75
9/4/2018,52.25
9/5/2018,50.5
9/6/2018,50.5
9/7/2018,50
9/10/2018,50.25
9/11/2018,48.75
9/12/2018,49.5
9/13/2018,52
9/14/2018,51.75
9/17/2018,51
9/18/2018,52
9/19/2018,52.5
9/20/2018,53.5
9/21/2018,53.75
9/24/2018,54
9/25/2018,54
9/26/2018,54.25
9/27/2018,54
9/28/2018,54.25
10/1/2018,54.75
10/2/2018,54.5
10/3/2018,53.5
10/4/2018,53
10/5/2018,52.5
10/8/2018,51.75
10/9/2018,52.25
10/10/2018,54
10/11/2018,51
10/12/2018,51.5
10/16/2018,51
10/17/2018,51
10/18/2018,51
10/19/2018,50.5
10/22/2018,50.25
10/24/2018,48.5
10/25/2018,49.5
10/26/2018,48.25
10/29/2018,48.75
10/30/2018,49.25
10/31/2018,51
11/1/2018,49.5
11/2/2018,49.75
11/5/2018,49.25
11/6/2018,49.75
11/7/2018,50.25
11/8/2018,50.75
11/9/2018,49.75
11/12/2018,49.75
11/13/2018,50
11/14/2018,49
11/15/2018,48.75
11/16/2018,48.75
11/19/2018,48.75
11/20/2018,48.5
11/21/2018,48.25
11/22/2018,48
11/23/2018,48.75
11/26/2018,48.5
11/27/2018,48.75
11/28/2018,49
11/29/2018,49.25
11/30/2018,49.25
12/3/2018,51.75
12/4/2018,51.5
12/6/2018,50.25
12/7/2018,49.5
12/11/2018,49.25
12/12/2018,49
12/13/2018,47.5
12/14/2018,47.75
12/17/2018,48
12/18/2018,48
12/19/2018,47
12/20/2018,46.75
12/21/2018,47.5
12/24/2018,47.5
12/25/2018,45.25
12/26/2018,45.5
12/27/2018,45.5
12/28/2018,46
1/2/2019,46.25
1/3/2019,45.5
1/4/2019,46.75
1/7/2019,48
1/8/2019,48
1/9/2019,48.25
1/10/2019,48.75
1/11/2019,49.25
1/14/2019,48
1/15/2019,47.75
1/16/2019,47.5
1/17/2019,47.25
1/18/2019,48.25
1/21/2019,48.75
1/22/2019,49.5
1/23/2019,49.5
1/24/2019,49
1/25/2019,48.75
1/28/2019,48.75
1/29/2019,48.25
1/30/2019,48.25
1/31/2019,48.5
2/1/2019,49.5
2/4/2019,49.25
2/5/2019,49.25
2/6/2019,48.75
2/7/2019,49
2/8/2019,48.5
2/11/2019,48.25
2/12/2019,48.5
2/13/2019,49
2/14/2019,48.25
2/15/2019,48.25
2/18/2019,48.5
2/20/2019,49
2/21/2019,48.75
2/22/2019,49.25
2/25/2019,49.75
2/26/2019,49
2/27/2019,49.25
2/28/2019,48.5
3/1/2019,48.75
3/4/2019,48.75
3/5/2019,48.75
3/6/2019,47.5
3/7/2019,47.75
3/8/2019,47.5
3/11/2019,47.25
3/12/2019,47.25
3/13/2019,47.75
3/14/2019,48
3/15/2019,48.25
3/18/2019,47.75
3/19/2019,48.5
3/20/2019,48.25
3/21/2019,48.25
3/22/2019,48.75
3/25/2019,47.75
3/26/2019,48
3/27/2019,47.5
3/28/2019,47.5
3/29/2019,48
4/1/2019,48
4/2/2019,48
4/3/2019,48.25
4/4/2019,48
4/5/2019,47.75
4/9/2019,48
4/10/2019,48.25
4/11/2019,48.25
4/12/2019,48
4/17/2019,48.5
4/18/2019,48.75
4/19/2019,48.5
4/22/2019,49.25
4/23/2019,49.5
4/24/2019,49.5
4/25/2019,49.5
4/26/2019,49.25
4/29/2019,48.75
4/30/2019,48.75
5/2/2019,49
5/3/2019,49.25
5/7/2019,48.75
5/8/2019,48
5/9/2019,47.5
5/10/2019,47.75
5/13/2019,47.5
5/14/2019,47.25
5/15/2019,47.25
5/16/2019,47
5/17/2019,46.5
5/21/2019,46.25
5/22/2019,46.5
5/23/2019,45.75
5/24/2019,45.75
5/27/2019,46.25
5/28/2019,47.25
5/29/2019,46.5
5/30/2019,46.25
5/31/2019,46.25
6/4/2019,46.5
6/5/2019,47
6/6/2019,47
6/7/2019,47
6/10/2019,47.25
6/11/2019,47.5
6/12/2019,47
6/13/2019,47
6/14/2019,46.5
6/17/2019,46.5
6/18/2019,47.5
6/19/2019,48
6/20/2019,48.75
6/21/2019,49
6/24/2019,49
6/25/2019,48.75
6/26/2019,48.5
6/27/2019,48.75
6/28/2019,48.75
7/1/2019,49.5
7/2/2019,48.5
7/3/2019,48.25
7/4/2019,48.25
7/5/2019,48.25
7/8/2019,48.25
7/9/2019,47.75
7/10/2019,48.25
7/11/2019,48.25
7/12/2019,47.75
7/15/2019,47.75
7/17/2019,48
7/18/2019,47.75
7/19/2019,47.75
7/22/2019,47.75
7/23/2019,47.75
7/24/2019,47.75
7/25/2019,47.75
7/26/2019,47.25
7/30/2019,47.25
7/31/2019,47.25
8/1/2019,47.25
8/2/2019,46
8/5/2019,45.75
8/6/2019,45.5
8/7/2019,45
8/8/2019,44.25
8/9/2019,44.25
8/13/2019,43
8/14/2019,43.25
8/15/2019,42.25
8/16/2019,42.75
8/19/2019,43.25
8/20/2019,42.75
8/21/2019,43
8/22/2019,42.25
8/23/2019,42.5
8/26/2019,41
8/27/2019,40.75
8/28/2019,41
8/29/2019,43.25
8/30/2019,44.25
9/2/2019,43.5
9/3/2019,42.75
9/4/2019,43.5
9/5/2019,44.25
9/6/2019,44.5
9/9/2019,45
9/10/2019,45.5
9/11/2019,45.75
9/12/2019,45.5
9/13/2019,45.5
9/16/2019,47
9/17/2019,47.25
9/18/2019,45.75
9/19/2019,45.25
9/20/2019,45.5
9/23/2019,45.75
9/24/2019,46.25
9/25/2019,46
9/26/2019,46
9/27/2019,46
9/30/2019,46.25
10/1/2019,45.75
10/2/2019,45.75
10/3/2019,45.5
10/4/2019,45.75
10/7/2019,46
10/8/2019,45.75
10/9/2019,45.75
10/10/2019,44.5
10/11/2019,45.25
10/15/2019,45
10/16/2019,45
10/17/2019,44.25
10/18/2019,44.5
10/21/2019,44.25
10/22/2019,44.75
10/24/2019,44.75
10/25/2019,44.5
10/28/2019,44.5
10/29/2019,44.5
10/30/2019,45.5
10/31/2019,45.25
11/1/2019,45.25
11/4/2019,45.5
11/5/2019,45.75
11/6/2019,45.5
11/7/2019,46
11/8/2019,45.5
11/11/2019,45.25
11/12/2019,45.25
11/13/2019,45.25
11/14/2019,44.75
11/15/2019,44.75
11/18/2019,44.5
11/19/2019,43.75
11/20/2019,43
11/21/2019,43.25
11/22/2019,43.25
11/25/2019,43.5
11/26/2019,43.25
11/27/2019,43.5
11/28/2019,43.5
11/29/2019,43.25
12/2/2019,42.5
12/3/2019,41.75
12/4/2019,42.25
12/6/2019,42
12/9/2019,42.25
12/11/2019,42
12/12/2019,42.75
12/13/2019,44
12/16/2019,43.5
12/17/2019,43.75
12/18/2019,44.75
12/19/2019,44.25
12/20/2019,44.5
12/23/2019,44.75
12/24/2019,44.25
12/25/2019,44.25
12/26/2019,44.5
12/27/2019,44.25
12/30/2019,44
