"","date","index"
"1","1/5/1998",366.18
"2","1/6/1998",370.27
"3","1/7/1998",370.31
"4","1/8/1998",360.17
"5","1/9/1998",349.67
"6","1/12/1998",339.17
"7","1/13/1998",348.96
"8","1/14/1998",367.69
"9","1/15/1998",364.13
"10","1/16/1998",383.01
"11","1/19/1998",420.72
"12","1/20/1998",413.79
"13","1/21/1998",432.86
"14","1/22/1998",420.8
"15","1/23/1998",422.87
"16","1/26/1998",424.51
"17","1/27/1998",423.1
"18","1/28/1998",434.22
"19","1/29/1998",447.24
"20","1/30/1998",495.23
"21","2/2/1998",554.75
"22","2/3/1998",558.92
"23","2/4/1998",505.59
"24","2/5/1998",531.11
"25","2/6/1998",535.98
"26","2/9/1998",530.5
"27","2/10/1998",524.52
"28","2/12/1998",509.33
"29","2/13/1998",499.97
"30","2/16/1998",484.06
"31","2/17/1998",502.53
"32","2/18/1998",513.27
"33","2/19/1998",510.41
"34","2/20/1998",521.83
"35","2/23/1998",521.82
"36","2/24/1998",517.06
"37","2/25/1998",512.98
"38","2/26/1998",524.06
"39","2/27/1998",528.42
"40","3/2/1998",538.17
"41","3/3/1998",539.72
"42","3/4/1998",528.24
"43","3/5/1998",509.23
"44","3/6/1998",508.07
"45","3/9/1998",509.98
"46","3/10/1998",508.55
"47","3/11/1998",502.79
"48","3/12/1998",498.67
"49","3/13/1998",514.24
"50","3/16/1998",512.54
"51","3/17/1998",510.46
"52","3/18/1998",500.46
"53","3/19/1998",503.55
"54","3/20/1998",499.75
"55","3/23/1998",503.67
"56","3/24/1998",490.27
"57","3/25/1998",480.07
"58","3/26/1998",470.67
"59","3/27/1998",469.85
"60","3/30/1998",465.09
"61","3/31/1998",459.11
"62","4/1/1998",456.57
"63","4/2/1998",453.88
"64","4/3/1998",442.96
"65","4/7/1998",430.04
"66","4/8/1998",444.33
"67","4/9/1998",444.23
"68","4/10/1998",446.13
"69","4/16/1998",431.63
"70","4/17/1998",438.99
"71","4/20/1998",434.37
"72","4/21/1998",435.23
"73","4/22/1998",436.73
"74","4/23/1998",427.41
"75","4/24/1998",424.79
"76","4/27/1998",418.79
"77","4/28/1998",419.55
"78","4/29/1998",412.25
"79","4/30/1998",412.13
"80","5/4/1998",400.71
"81","5/6/1998",393.36
"82","5/7/1998",393.95
"83","5/8/1998",386.42
"84","5/12/1998",381.65
"85","5/13/1998",370.92
"86","5/14/1998",368.82
"87","5/15/1998",369.43
"88","5/18/1998",357.21
"89","5/19/1998",346.46
"90","5/20/1998",355.51
"91","5/21/1998",355.91
"92","5/22/1998",355.82
"93","5/25/1998",358.9
"94","5/26/1998",354.54
"95","5/27/1998",340.12
"96","5/28/1998",333.9
"97","5/29/1998",325.59
"98","6/1/1998",313.04
"99","6/2/1998",313.64
"100","6/3/1998",313.21
"101","6/4/1998",318.81
"102","6/5/1998",318.16
"103","6/8/1998",312.37
"104","6/9/1998",308.25
"105","6/10/1998",292.1
"106","6/11/1998",283.92
"107","6/12/1998",279.37
"108","6/15/1998",263.39
"109","6/16/1998",257.44
"110","6/17/1998",272.94
"111","6/18/1998",295.15
"112","6/19/1998",284.32
"113","6/22/1998",275.9
"114","6/23/1998",274.06
"115","6/24/1998",267.74
"116","6/25/1998",264.09
"117","6/26/1998",264.98
"118","6/29/1998",271.2
"119","6/30/1998",267.33
"120","7/2/1998",277.98
"121","7/3/1998",273.74
"122","7/6/1998",271
"123","7/7/1998",272.28
"124","7/8/1998",273.43
"125","7/10/1998",274.26
"126","7/13/1998",266.75
"127","7/14/1998",265.71
"128","7/15/1998",273.75
"129","7/16/1998",282.01
"130","7/17/1998",295.28
"131","7/20/1998",297.74
"132","7/21/1998",287.34
"133","7/22/1998",286.52
"134","7/23/1998",276.2
"135","7/24/1998",275.44
"136","7/27/1998",269.93
"137","7/28/1998",266.72
"138","7/29/1998",263.49
"139","7/30/1998",266.74
"140","7/31/1998",266.72
"141","8/3/1998",260.89
"142","8/4/1998",258.04
"143","8/5/1998",254.07
"144","8/6/1998",252.07
"145","8/7/1998",247.54
"146","8/10/1998",238.3
"147","8/11/1998",234.14
"148","8/13/1998",230.87
"149","8/14/1998",243.62
"150","8/17/1998",235.24
"151","8/18/1998",235.68
"152","8/19/1998",243.37
"153","8/20/1998",243
"154","8/21/1998",238.92
"155","8/24/1998",233.15
"156","8/25/1998",230.22
"157","8/26/1998",227.5
"158","8/27/1998",226.85
"159","8/28/1998",218.85
"160","8/31/1998",214.53
"161","9/1/1998",211.09
"162","9/2/1998",207.59
"163","9/3/1998",207.4
"164","9/4/1998",207.31
"165","9/7/1998",220.56
"166","9/8/1998",212.85
"167","9/9/1998",213.98
"168","9/10/1998",218.91
"169","9/11/1998",212.7
"170","9/14/1998",211.34
"171","9/15/1998",211.08
"172","9/16/1998",218.7
"173","9/17/1998",220.05
"174","9/18/1998",221.85
"175","9/21/1998",221.88
"176","9/22/1998",223.14
"177","9/23/1998",231.28
"178","9/24/1998",250.18
"179","9/25/1998",248.93
"180","9/28/1998",255.53
"181","9/29/1998",255.35
"182","9/30/1998",253.82
"183","10/1/1998",254.47
"184","10/2/1998",251.56
"185","10/5/1998",246.26
"186","10/6/1998",248.14
"187","10/7/1998",263.23
"188","10/8/1998",285.22
"189","10/9/1998",292.5
"190","10/12/1998",290.8
"191","10/13/1998",290.19
"192","10/14/1998",285.12
"193","10/15/1998",295.19
"194","10/16/1998",319.22
"195","10/19/1998",314.17
"196","10/20/1998",331.36
"197","10/21/1998",323.05
"198","10/22/1998",321.57
"199","10/26/1998",319.02
"200","10/27/1998",319.23
"201","10/28/1998",330.45
"202","10/29/1998",345.07
"203","10/30/1998",331.29
"204","11/2/1998",334.93
"205","11/3/1998",343.16
"206","11/4/1998",354.11
"207","11/5/1998",362.08
"208","11/6/1998",376.6
"209","11/9/1998",363.85
"210","11/10/1998",336.62
"211","11/11/1998",356.26
"212","11/12/1998",333.06
"213","11/13/1998",333.59
"214","11/16/1998",345.19
"215","11/17/1998",344.08
"216","11/18/1998",345.13
"217","11/19/1998",358.56
"218","11/20/1998",371.93
"219","11/23/1998",390.43
"220","11/24/1998",383.66
"221","11/25/1998",391.01
"222","11/26/1998",382.2
"223","11/27/1998",373.09
"224","11/30/1998",362.82
"225","12/1/1998",356.16
"226","12/2/1998",343.12
"227","12/3/1998",337.86
"228","12/4/1998",337.63
"229","12/8/1998",350.27
"230","12/9/1998",359.54
"231","12/11/1998",360.3
"232","12/14/1998",344.89
"233","12/15/1998",349.18
"234","12/16/1998",344.53
"235","12/17/1998",338.65
"236","12/18/1998",341.92
"237","12/21/1998",337.17
"238","12/22/1998",343.34
"239","12/23/1998",344.27
"240","12/24/1998",346.93
"241","12/25/1998",356.16
"242","12/28/1998",360.29
"243","12/29/1998",351.81
"244","12/30/1998",355.81
"245","1/4/1999",356.68
"246","1/5/1999",378.51
"247","1/6/1999",402.56
"248","1/7/1999",397.72
"249","1/8/1999",399.43
"250","1/11/1999",399.2
"251","1/12/1999",399.81
"252","1/13/1999",385.58
"253","1/14/1999",386.96
"254","1/15/1999",381.82
"255","1/18/1999",387.61
"256","1/19/1999",386.45
"257","1/20/1999",394.85
"258","1/21/1999",385.75
"259","1/22/1999",376.48
"260","1/25/1999",363.36
"261","1/26/1999",366.77
"262","1/27/1999",373.25
"263","1/28/1999",366.16
"264","1/29/1999",363
"265","2/1/1999",358.84
"266","2/2/1999",347.21
"267","2/3/1999",338.2
"268","2/4/1999",338.27
"269","2/5/1999",337.96
"270","2/8/1999",330.77
"271","2/9/1999",320.36
"272","2/10/1999",314.74
"273","2/11/1999",313.65
"274","2/12/1999",347.43
"275","2/15/1999",344.96
"276","2/16/1999",350.36
"277","2/17/1999",338.02
"278","2/18/1999",336.47
"279","2/19/1999",336.57
"280","2/22/1999",334.52
"281","2/23/1999",333.71
"282","2/24/1999",336.17
"283","2/25/1999",332.67
"284","2/26/1999",340.94
"285","3/2/1999",338.82
"286","3/3/1999",341.51
"287","3/4/1999",337.14
"288","3/5/1999",336.21
"289","3/8/1999",336.68
"290","3/9/1999",329.59
"291","3/10/1999",333.28
"292","3/11/1999",345.21
"293","3/12/1999",345.79
"294","3/15/1999",360.88
"295","3/16/1999",354.95
"296","3/17/1999",356.8
"297","3/18/1999",362.91
"298","3/19/1999",367.69
"299","3/22/1999",366.09
"300","3/23/1999",365.74
"301","3/24/1999",360.35
"302","3/25/1999",365.7
"303","3/26/1999",366.91
"304","3/29/1999",363.32
"305","3/30/1999",359.76
"306","3/31/1999",352.01
"307","4/1/1999",356.85
"308","4/2/1999",357.1
"309","4/5/1999",350.73
"310","4/7/1999",359.52
"311","4/8/1999",365.09
"312","4/9/1999",371.95
"313","4/12/1999",370.68
"314","4/16/1999",402.54
"315","4/19/1999",412.19
"316","4/20/1999",406.11
"317","4/21/1999",397.93
"318","4/22/1999",402.33
"319","4/23/1999",401.07
"320","4/26/1999",415.68
"321","4/27/1999",425.33
"322","4/28/1999",423.22
"323","4/29/1999",432.49
"324","4/30/1999",459.35
"325","5/4/1999",505.75
"326","5/6/1999",512.69
"327","5/7/1999",488.35
"328","5/10/1999",490.43
"329","5/11/1999",495.23
"330","5/12/1999",486.56
"331","5/13/1999",476.89
"332","5/14/1999",474.9
"333","5/17/1999",467.62
"334","5/18/1999",481.55
"335","5/19/1999",483.5
"336","5/20/1999",479.6
"337","5/21/1999",479.33
"338","5/24/1999",469.98
"339","5/25/1999",451.05
"340","5/26/1999",458.21
"341","5/27/1999",464.28
"342","5/28/1999",453.6
"343","6/1/1999",461.79
"344","6/2/1999",474.86
"345","6/3/1999",476.05
"346","6/4/1999",476.47
"347","6/7/1999",483.25
"348","6/8/1999",493.67
"349","6/9/1999",510.5
"350","6/10/1999",511.44
"351","6/11/1999",507.06
"352","6/14/1999",514.67
"353","6/15/1999",508.62
"354","6/16/1999",509.84
"355","6/17/1999",520.55
"356","6/18/1999",518.81
"357","6/21/1999",538.36
"358","6/22/1999",545.91
"359","6/23/1999",540.99
"360","6/24/1999",543.97
"361","6/25/1999",543.85
"362","6/28/1999",531.88
"363","6/29/1999",517.65
"364","6/30/1999",521.77
"365","7/2/1999",533.33
"366","7/5/1999",533.15
"367","7/6/1999",526.82
"368","7/7/1999",516.11
"369","7/8/1999",496.65
"370","7/9/1999",509.58
"371","7/12/1999",511.87
"372","7/13/1999",500.25
"373","7/14/1999",494
"374","7/15/1999",496.7
"375","7/16/1999",488.51
"376","7/19/1999",481.7
"377","7/20/1999",487.95
"378","7/21/1999",496.86
"379","7/22/1999",487.22
"380","7/23/1999",475.73
"381","7/26/1999",457.68
"382","7/27/1999",461.91
"383","7/29/1999",458.82
"384","7/30/1999",456.81
"385","8/2/1999",452.61
"386","8/3/1999",456.07
"387","8/4/1999",451.43
"388","8/5/1999",447.09
"389","8/6/1999",437.04
"390","8/9/1999",433.45
"391","8/10/1999",430.85
"392","8/11/1999",421.49
"393","8/13/1999",423.78
"394","8/16/1999",418.11
"395","8/17/1999",411.31
"396","8/18/1999",409.76
"397","8/19/1999",418
"398","8/20/1999",440.51
"399","8/23/1999",448.19
"400","8/24/1999",446.55
"401","8/25/1999",468.7
"402","8/26/1999",456.07
"403","8/27/1999",457.54
"404","8/30/1999",446.48
"405","8/31/1999",440.27
"406","9/1/1999",434.56
"407","9/2/1999",426.7
"408","9/3/1999",431.12
"409","9/6/1999",424.08
"410","9/7/1999",426.75
"411","9/8/1999",421.56
"412","9/9/1999",431.08
"413","9/10/1999",430.91
"414","9/13/1999",444.94
"415","9/14/1999",443.82
"416","9/15/1999",438.59
"417","9/16/1999",429.89
"418","9/17/1999",438.16
"419","9/20/1999",434.21
"420","9/21/1999",425.54
"421","9/22/1999",410.15
"422","9/23/1999",400.46
"423","9/24/1999",382.01
"424","9/27/1999",382.14
"425","9/28/1999",385.23
"426","9/29/1999",391.07
"427","9/30/1999",389.49
"428","10/1/1999",407.23
"429","10/4/1999",396.13
"430","10/5/1999",398.94
"431","10/6/1999",395.09
"432","10/7/1999",397.64
"433","10/8/1999",393.02
"434","10/11/1999",388.88
"435","10/12/1999",401.36
"436","10/13/1999",391.5
"437","10/14/1999",392.79
"438","10/15/1999",385.4
"439","10/18/1999",372.87
"440","10/19/1999",368.58
"441","10/20/1999",369.01
"442","10/21/1999",367.23
"443","10/22/1999",377.16
"444","10/26/1999",379.54
"445","10/27/1999",379.61
"446","10/28/1999",389.76
"447","10/29/1999",395.55
"448","11/1/1999",391.55
"449","11/2/1999",402.41
"450","11/3/1999",403.31
"451","11/4/1999",419.89
"452","11/5/1999",418.47
"453","11/8/1999",414.07
"454","11/9/1999",426.42
"455","11/10/1999",426.39
"456","11/11/1999",429.28
"457","11/12/1999",432.02
"458","11/15/1999",426.7
"459","11/16/1999",423.15
"460","11/17/1999",410.04
"461","11/18/1999",410.9
"462","11/19/1999",411.55
"463","11/22/1999",406.41
"464","11/23/1999",405.42
"465","11/24/1999",399.23
"466","11/25/1999",404.6
"467","11/26/1999",412.31
"468","11/29/1999",421.26
"469","11/30/1999",422.12
"470","12/1/1999",423.07
"471","12/2/1999",419.67
"472","12/3/1999",414.42
"473","12/7/1999",413.88
"474","12/8/1999",413.27
"475","12/9/1999",419.77
"476","12/13/1999",435.4
"477","12/14/1999",438.23
"478","12/15/1999",437.86
"479","12/16/1999",437.71
"480","12/17/1999",439.32
"481","12/20/1999",450.68
"482","12/21/1999",444.93
"483","12/22/1999",458.43
"484","12/23/1999",461.18
"485","12/24/1999",461.29
"486","12/27/1999",466.45
"487","12/28/1999",466.96
"488","12/29/1999",479.42
"489","12/30/1999",481.92
"490","1/4/2000",498.46
"491","1/5/2000",465.85
"492","1/6/2000",443.46
"493","1/7/2000",453.31
"494","1/10/2000",459.47
"495","1/11/2000",452.48
"496","1/12/2000",459.62
"497","1/13/2000",458.4
"498","1/14/2000",474.37
"499","1/17/2000",477.09
"500","1/18/2000",484.16
"501","1/19/2000",486.33
"502","1/20/2000",486.64
"503","1/21/2000",478.92
"504","1/24/2000",477.22
"505","1/25/2000",473.22
"506","1/26/2000",469.22
"507","1/27/2000",474.91
"508","1/28/2000",477.45
"509","1/31/2000",477.57
"510","2/1/2000",474.39
"511","2/2/2000",470.62
"512","2/3/2000",465.78
"513","2/4/2000",470.34
"514","2/7/2000",471.97
"515","2/8/2000",465.94
"516","2/9/2000",456.02
"517","2/10/2000",453.1
"518","2/11/2000",456.12
"519","2/14/2000",447.56
"520","2/15/2000",430.97
"521","2/16/2000",422.83
"522","2/17/2000",405.81
"523","2/18/2000",408.35
"524","2/22/2000",379.43
"525","2/23/2000",389
"526","2/24/2000",395.1
"527","2/25/2000",406.66
"528","2/28/2000",388.39
"529","2/29/2000",374.32
"530","3/1/2000",371.56
"531","3/2/2000",391.39
"532","3/3/2000",383.13
"533","3/6/2000",379.27
"534","3/7/2000",380.35
"535","3/8/2000",385.56
"536","3/9/2000",393.23
"537","3/10/2000",402.4
"538","3/13/2000",390.15
"539","3/14/2000",400.37
"540","3/15/2000",386.2
"541","3/16/2000",395.83
"542","3/17/2000",399.74
"543","3/20/2000",400.99
"544","3/21/2000",398.26
"545","3/22/2000",395.15
"546","3/23/2000",399.03
"547","3/24/2000",404.16
"548","3/27/2000",408.24
"549","3/28/2000",412.44
"550","3/29/2000",410.69
"551","3/30/2000",399.59
"552","3/31/2000",400.32
"553","4/3/2000",399.74
"554","4/4/2000",392.7
"555","4/5/2000",395.33
"556","4/7/2000",403.45
"557","4/10/2000",403.32
"558","4/11/2000",400.74
"559","4/12/2000",414.45
"560","4/17/2000",392.88
"561","4/18/2000",385.25
"562","4/19/2000",391.22
"563","4/20/2000",389.48
"564","4/21/2000",395.06
"565","4/24/2000",395
"566","4/25/2000",396.48
"567","4/26/2000",394.56
"568","4/27/2000",393.36
"569","4/28/2000",390.4
"570","5/2/2000",385.44
"571","5/3/2000",379.8
"572","5/4/2000",379.97
"573","5/8/2000",366.17
"574","5/9/2000",357.77
"575","5/10/2000",343.53
"576","5/11/2000",336.54
"577","5/12/2000",345.67
"578","5/15/2000",339.37
"579","5/16/2000",350.22
"580","5/18/2000",343.39
"581","5/19/2000",343.4
"582","5/22/2000",333.36
"583","5/23/2000",325.99
"584","5/24/2000",319.68
"585","5/25/2000",307.23
"586","5/26/2000",313.08
"587","5/29/2000",308.45
"588","5/30/2000",307.82
"589","5/31/2000",323.29
"590","6/1/2000",327.6
"591","6/2/2000",339.28
"592","6/5/2000",352.6
"593","6/6/2000",345.43
"594","6/7/2000",340.83
"595","6/8/2000",344.58
"596","6/9/2000",341.35
"597","6/12/2000",340.7
"598","6/13/2000",334.99
"599","6/14/2000",345.43
"600","6/15/2000",345.29
"601","6/16/2000",344.49
"602","6/19/2000",340.66
"603","6/20/2000",339.77
"604","6/21/2000",338.12
"605","6/22/2000",334.03
"606","6/23/2000",333.31
"607","6/26/2000",330.73
"608","6/27/2000",334.18
"609","6/28/2000",334.48
"610","6/29/2000",323.35
"611","6/30/2000",325.69
"612","7/3/2000",319.26
"613","7/4/2000",316.66
"614","7/5/2000",322.85
"615","7/6/2000",318.42
"616","7/7/2000",322.87
"617","7/10/2000",326.62
"618","7/11/2000",325.72
"619","7/12/2000",323.93
"620","7/13/2000",320.45
"621","7/14/2000",315.58
"622","7/18/2000",313.39
"623","7/19/2000",314.54
"624","7/20/2000",307.85
"625","7/21/2000",305.66
"626","7/24/2000",293.13
"627","7/25/2000",295.59
"628","7/26/2000",291.43
"629","7/27/2000",294.22
"630","7/28/2000",291.6
"631","7/31/2000",284.67
"632","8/1/2000",295.49
"633","8/2/2000",301.22
"634","8/3/2000",307.97
"635","8/4/2000",311.42
"636","8/7/2000",306.72
"637","8/8/2000",318.15
"638","8/9/2000",315.02
"639","8/10/2000",309.42
"640","8/11/2000",316.6
"641","8/15/2000",321.44
"642","8/16/2000",327.46
"643","8/17/2000",322.5
"644","8/18/2000",319.22
"645","8/21/2000",312.66
"646","8/22/2000",316.48
"647","8/23/2000",308.37
"648","8/24/2000",307.32
"649","8/25/2000",306.84
"650","8/28/2000",305.72
"651","8/29/2000",309.24
"652","8/30/2000",309.67
"653","8/31/2000",307.83
"654","9/1/2000",310.73
"655","9/4/2000",309.01
"656","9/5/2000",308.25
"657","9/6/2000",302.51
"658","9/7/2000",298.31
"659","9/8/2000",297.07
"660","9/11/2000",290.34
"661","9/12/2000",288.03
"662","9/13/2000",290.55
"663","9/14/2000",287.21
"664","9/15/2000",293.3
"665","9/18/2000",286.81
"666","9/19/2000",287.16
"667","9/20/2000",282.23
"668","9/21/2000",283.13
"669","9/22/2000",274.14
"670","9/25/2000",280.25
"671","9/26/2000",282.08
"672","9/27/2000",285.38
"673","9/28/2000",279.75
"674","9/29/2000",277.29
"675","10/2/2000",276.69
"676","10/3/2000",271.38
"677","10/4/2000",271.85
"678","10/5/2000",269.51
"679","10/6/2000",267.68
"680","10/9/2000",261.29
"681","10/10/2000",256.98
"682","10/11/2000",250.6
"683","10/12/2000",257.74
"684","10/13/2000",254.26
"685","10/16/2000",258.08
"686","10/17/2000",259.95
"687","10/18/2000",268.18
"688","10/19/2000",276.19
"689","10/20/2000",276.6
"690","10/24/2000",275.48
"691","10/25/2000",271.1
"692","10/26/2000",275.39
"693","10/27/2000",274.34
"694","10/30/2000",270.34
"695","10/31/2000",271.84
"696","11/1/2000",279.77
"697","11/2/2000",280.3
"698","11/3/2000",287.84
"699","11/6/2000",291.93
"700","11/7/2000",292.36
"701","11/8/2000",299.37
"702","11/9/2000",293.59
"703","11/10/2000",293.23
"704","11/13/2000",287.18
"705","11/14/2000",288.28
"706","11/15/2000",288.75
"707","11/16/2000",289.99
"708","11/17/2000",294.71
"709","11/20/2000",288.41
"710","11/21/2000",287.06
"711","11/22/2000",283.58
"712","11/23/2000",284.22
"713","11/24/2000",285.42
"714","11/27/2000",284.73
"715","11/28/2000",283.67
"716","11/29/2000",282.9
"717","11/30/2000",277.92
"718","12/1/2000",273.86
"719","12/4/2000",271.47
"720","12/6/2000",272.03
"721","12/7/2000",272.71
"722","12/8/2000",273.69
"723","12/12/2000",269.62
"724","12/13/2000",271.92
"725","12/14/2000",271.29
"726","12/15/2000",273.17
"727","12/18/2000",271.19
"728","12/19/2000",271.09
"729","12/20/2000",269.91
"730","12/21/2000",269.85
"731","12/22/2000",267.09
"732","12/25/2000",266.52
"733","12/26/2000",264.86
"734","12/27/2000",266.47
"735","12/28/2000",267.71
"736","12/29/2000",269.19
"737","1/3/2001",272.03
"738","1/4/2001",278.75
"739","1/5/2001",286.76
"740","1/8/2001",295.84
"741","1/9/2001",298.37
"742","1/10/2001",293.65
"743","1/11/2001",295.06
"744","1/12/2001",311.25
"745","1/15/2001",317.51
"746","1/16/2001",308.42
"747","1/17/2001",314.98
"748","1/18/2001",314.26
"749","1/19/2001",316.86
"750","1/22/2001",319.09
"751","1/23/2001",325.62
"752","1/24/2001",325.59
"753","1/25/2001",339.68
"754","1/26/2001",332.13
"755","1/29/2001",332.54
"756","1/30/2001",325.21
"757","1/31/2001",332.77
"758","2/1/2001",330.46
"759","2/2/2001",334.1
"760","2/5/2001",329.08
"761","2/6/2001",323.16
"762","2/7/2001",327.51
"763","2/9/2001",324.72
"764","2/12/2001",318.2
"765","2/13/2001",322.04
"766","2/14/2001",315.25
"767","2/15/2001",315.15
"768","2/16/2001",316
"769","2/19/2001",309.64
"770","2/20/2001",312.32
"771","2/21/2001",310.23
"772","2/22/2001",309.02
"773","2/23/2001",324.24
"774","2/26/2001",321.33
"775","2/27/2001",326.92
"776","2/28/2001",325.2
"777","3/1/2001",316.22
"778","3/2/2001",306.05
"779","3/5/2001",300.24
"780","3/6/2001",299.81
"781","3/7/2001",306.35
"782","3/8/2001",301.76
"783","3/9/2001",307
"784","3/12/2001",304.87
"785","3/13/2001",302.76
"786","3/14/2001",299.93
"787","3/15/2001",296.1
"788","3/16/2001",293
"789","3/19/2001",291.3
"790","3/20/2001",293.14
"791","3/21/2001",291.22
"792","3/22/2001",289.42
"793","3/23/2001",290.25
"794","3/26/2001",293.8
"795","3/27/2001",291.02
"796","3/28/2001",287.1
"797","3/29/2001",287.88
"798","3/30/2001",291.94
"799","4/2/2001",290.11
"800","4/3/2001",285.57
"801","4/4/2001",279.16
"802","4/5/2001",282.02
"803","4/9/2001",278.25
"804","4/10/2001",279.54
"805","4/11/2001",282.37
"806","4/12/2001",291.28
"807","4/17/2001",286.62
"808","4/18/2001",297.33
"809","4/19/2001",298.07
"810","4/20/2001",292.58
"811","4/23/2001",290.54
"812","4/24/2001",296.95
"813","4/25/2001",296.86
"814","4/26/2001",297.14
"815","4/27/2001",297.21
"816","4/30/2001",300.63
"817","5/2/2001",299.52
"818","5/3/2001",301.09
"819","5/4/2001",306.48
"820","5/9/2001",311.73
"821","5/10/2001",316.13
"822","5/11/2001",310.93
"823","5/14/2001",307.53
"824","5/15/2001",307.47
"825","5/16/2001",300.25
"826","5/17/2001",300.98
"827","5/18/2001",300.64
"828","5/21/2001",298.21
"829","5/22/2001",311.17
"830","5/23/2001",304.53
"831","5/24/2001",312.27
"832","5/25/2001",311.11
"833","5/28/2001",316.88
"834","5/29/2001",309.47
"835","5/30/2001",310.18
"836","5/31/2001",310.13
"837","6/1/2001",312.06
"838","6/4/2001",313.96
"839","6/5/2001",310.14
"840","6/6/2001",310.46
"841","6/7/2001",308.04
"842","6/8/2001",312.29
"843","6/11/2001",314.4
"844","6/12/2001",314.2
"845","6/13/2001",324.94
"846","6/14/2001",322.24
"847","6/15/2001",323.97
"848","6/18/2001",318.49
"849","6/19/2001",319.59
"850","6/20/2001",318.47
"851","6/21/2001",316.92
"852","6/22/2001",318.67
"853","6/25/2001",319.81
"854","6/26/2001",320.76
"855","6/27/2001",323.21
"856","6/28/2001",322.55
"857","6/29/2001",322.55
"858","7/2/2001",322.45
"859","7/3/2001",326.81
"860","7/4/2001",326.43
"861","7/5/2001",324.88
"862","7/9/2001",324.47
"863","7/10/2001",323.68
"864","7/11/2001",312.64
"865","7/12/2001",315
"866","7/13/2001",314.31
"867","7/16/2001",309.38
"868","7/17/2001",315.21
"869","7/18/2001",315.16
"870","7/19/2001",316.02
"871","7/20/2001",312.27
"872","7/23/2001",309.58
"873","7/25/2001",308.1
"874","7/26/2001",305.33
"875","7/27/2001",301.09
"876","7/30/2001",298.33
"877","7/31/2001",297.69
"878","8/1/2001",300.53
"879","8/2/2001",303.23
"880","8/3/2001",315.95
"881","8/6/2001",314.06
"882","8/7/2001",316.63
"883","8/8/2001",323.09
"884","8/9/2001",316.77
"885","8/10/2001",315.87
"886","8/14/2001",314.25
"887","8/15/2001",317.77
"888","8/16/2001",317.77
"889","8/17/2001",323.25
"890","8/20/2001",319.7
"891","8/21/2001",319.14
"892","8/22/2001",321.31
"893","8/23/2001",324.9
"894","8/24/2001",332.17
"895","8/27/2001",338.57
"896","8/28/2001",335.49
"897","8/29/2001",338.02
"898","8/30/2001",331.62
"899","8/31/2001",335.57
"900","9/3/2001",341.65
"901","9/4/2001",339.76
"902","9/5/2001",338.21
"903","9/6/2001",342.56
"904","9/7/2001",342.32
"905","9/10/2001",331.65
"906","9/11/2001",330.37
"907","9/13/2001",308.17
"908","9/14/2001",288.1
"909","9/17/2001",270.61
"910","9/18/2001",274.21
"911","9/19/2001",287.13
"912","9/20/2001",279.8
"913","9/21/2001",274.6
"914","9/24/2001",279.49
"915","9/25/2001",276.72
"916","9/26/2001",275.67
"917","9/27/2001",274.76
"918","9/28/2001",277.04
"919","10/1/2001",273.09
"920","10/2/2001",276.49
"921","10/3/2001",276.09
"922","10/4/2001",283.02
"923","10/5/2001",280.88
"924","10/8/2001",277.28
"925","10/9/2001",286.6
"926","10/10/2001",286.72
"927","10/11/2001",286.42
"928","10/12/2001",284.97
"929","10/15/2001",282.06
"930","10/16/2001",283.42
"931","10/17/2001",287.83
"932","10/18/2001",286.15
"933","10/19/2001",284.72
"934","10/22/2001",283.43
"935","10/24/2001",284.06
"936","10/25/2001",280.62
"937","10/26/2001",280.6
"938","10/29/2001",278.16
"939","10/30/2001",273.6
"940","10/31/2001",275.09
"941","11/1/2001",273.64
"942","11/2/2001",274.22
"943","11/5/2001",272.99
"944","11/6/2001",271.44
"945","11/7/2001",265.22
"946","11/8/2001",268.34
"947","11/9/2001",268.11
"948","11/12/2001",271.75
"949","11/13/2001",270.9
"950","11/14/2001",267.2
"951","11/15/2001",268.28
"952","11/16/2001",275.54
"953","11/19/2001",276.97
"954","11/20/2001",283.84
"955","11/21/2001",291.21
"956","11/22/2001",293.14
"957","11/23/2001",296.77
"958","11/26/2001",292.56
"959","11/27/2001",296.46
"960","11/28/2001",292.98
"961","11/29/2001",297.87
"962","11/30/2001",302.62
"963","12/3/2001",302.2
"964","12/4/2001",303.81
"965","12/6/2001",305.25
"966","12/7/2001",304.05
"967","12/11/2001",294.86
"968","12/12/2001",297.71
"969","12/13/2001",294.61
"970","12/14/2001",294
"971","12/17/2001",293.51
"972","12/18/2001",292.87
"973","12/19/2001",295.34
"974","12/20/2001",297.92
"975","12/21/2001",296.69
"976","12/24/2001",302.01
"977","12/25/2001",301.81
"978","12/26/2001",304.44
"979","12/27/2001",301.17
"980","12/28/2001",303.85
"981","1/2/2002",305.19
"982","1/3/2002",312.05
"983","1/4/2002",315.73
"984","1/7/2002",317.69
"985","1/8/2002",318.64
"986","1/9/2002",319.24
"987","1/10/2002",319.3
"988","1/11/2002",322.55
"989","1/14/2002",325.66
"990","1/15/2002",323.39
"991","1/16/2002",319.57
"992","1/17/2002",319.18
"993","1/18/2002",317.52
"994","1/21/2002",314.38
"995","1/22/2002",317.27
"996","1/23/2002",326.92
"997","1/24/2002",333.96
"998","1/25/2002",338.99
"999","1/28/2002",337.49
"1000","1/29/2002",339.69
"1001","1/30/2002",340.4
"1002","1/31/2002",340.82
"1003","2/1/2002",336.65
"1004","2/4/2002",336.15
"1005","2/5/2002",343.37
"1006","2/6/2002",348.17
"1007","2/7/2002",346.77
"1008","2/8/2002",353.59
"1009","2/11/2002",356.94
"1010","2/12/2002",353.69
"1011","2/13/2002",361.99
"1012","2/14/2002",365.3
"1013","2/15/2002",373.02
"1014","2/18/2002",375.63
"1015","2/19/2002",370.19
"1016","2/20/2002",376.31
"1017","2/21/2002",361.49
"1018","2/22/2002",351.32
"1019","2/25/2002",356.65
"1020","2/27/2002",372.22
"1021","2/28/2002",371.81
"1022","3/1/2002",380.65
"1023","3/4/2002",391
"1024","3/5/2002",384.55
"1025","3/6/2002",391.71
"1026","3/7/2002",391.67
"1027","3/8/2002",390.65
"1028","3/11/2002",387.78
"1029","3/12/2002",384.74
"1030","3/13/2002",378.61
"1031","3/14/2002",382.16
"1032","3/15/2002",377.39
"1033","3/18/2002",374.73
"1034","3/19/2002",375.9
"1035","3/20/2002",383.34
"1036","3/21/2002",386.33
"1037","3/22/2002",389.31
"1038","3/25/2002",387.12
"1039","3/26/2002",384.8
"1040","3/27/2002",377.1
"1041","3/28/2002",379.55
"1042","3/29/2002",373.95
"1043","4/1/2002",375.52
"1044","4/2/2002",370.82
"1045","4/3/2002",364.11
"1046","4/4/2002",361.95
"1047","4/5/2002",369.99
"1048","4/9/2002",370.86
"1049","4/10/2002",372.67
"1050","4/11/2002",377.95
"1051","4/12/2002",379.63
"1052","4/17/2002",390.73
"1053","4/18/2002",387.48
"1054","4/19/2002",386.51
"1055","4/22/2002",386.92
"1056","4/23/2002",381.43
"1057","4/24/2002",380.76
"1058","4/25/2002",373.04
"1059","4/26/2002",376.44
"1060","4/29/2002",371.01
"1061","4/30/2002",371.42
"1062","5/2/2002",369.86
"1063","5/3/2002",374.05
"1064","5/7/2002",374.65
"1065","5/8/2002",382.48
"1066","5/9/2002",380.7
"1067","5/10/2002",382.09
"1068","5/13/2002",380.67
"1069","5/14/2002",382.09
"1070","5/15/2002",375.83
"1071","5/16/2002",376.18
"1072","5/17/2002",378.23
"1073","5/20/2002",381.02
"1074","5/21/2002",385.64
"1075","5/22/2002",386.97
"1076","5/23/2002",392.85
"1077","5/24/2002",392.09
"1078","5/28/2002",403.04
"1079","5/29/2002",409.11
"1080","5/30/2002",407.41
"1081","5/31/2002",407.96
"1082","6/3/2002",406.77
"1083","6/4/2002",402.54
"1084","6/5/2002",411.07
"1085","6/6/2002",417.76
"1086","6/7/2002",417.33
"1087","6/10/2002",423.65
"1088","6/11/2002",418.85
"1089","6/12/2002",423.61
"1090","6/13/2002",426.45
"1091","6/14/2002",422.44
"1092","6/17/2002",417.39
"1093","6/18/2002",418.52
"1094","6/19/2002",406.47
"1095","6/20/2002",403.31
"1096","6/21/2002",395.46
"1097","6/24/2002",393.88
"1098","6/25/2002",398.53
"1099","6/26/2002",381.21
"1100","6/27/2002",383.02
"1101","6/28/2002",389.1
"1102","7/2/2002",390.78
"1103","7/3/2002",395.15
"1104","7/4/2002",397.79
"1105","7/5/2002",401.1
"1106","7/8/2002",398.75
"1107","7/9/2002",403.22
"1108","7/10/2002",402.97
"1109","7/11/2002",397.97
"1110","7/12/2002",400.66
"1111","7/15/2002",399.36
"1112","7/16/2002",392.55
"1113","7/17/2002",394.32
"1114","7/18/2002",397.91
"1115","7/19/2002",394.27
"1116","7/22/2002",383.07
"1117","7/23/2002",387.96
"1118","7/24/2002",374.44
"1119","7/26/2002",366.47
"1120","7/29/2002",366.48
"1121","7/30/2002",374.08
"1122","7/31/2002",376.02
"1123","8/1/2002",376.68
"1124","8/2/2002",370.46
"1125","8/5/2002",362.14
"1126","8/6/2002",362.66
"1127","8/7/2002",367.04
"1128","8/8/2002",360.03
"1129","8/9/2002",367.07
"1130","8/13/2002",366.47
"1131","8/14/2002",371.19
"1132","8/15/2002",371.62
"1133","8/16/2002",373.03
"1134","8/19/2002",370.21
"1135","8/20/2002",373.25
"1136","8/21/2002",372.22
"1137","8/22/2002",368.32
"1138","8/23/2002",367.01
"1139","8/26/2002",369.02
"1140","8/27/2002",370.14
"1141","8/28/2002",365.13
"1142","8/29/2002",362.14
"1143","8/30/2002",361.16
"1144","9/2/2002",357.36
"1145","9/3/2002",355.59
"1146","9/4/2002",351.94
"1147","9/5/2002",350.05
"1148","9/6/2002",353.55
"1149","9/9/2002",353.23
"1150","9/10/2002",360.61
"1151","9/11/2002",361.35
"1152","9/12/2002",361.49
"1153","9/13/2002",357.15
"1154","9/16/2002",351.88
"1155","9/17/2002",359.3
"1156","9/18/2002",354
"1157","9/19/2002",352.34
"1158","9/20/2002",351.52
"1159","9/23/2002",347.97
"1160","9/24/2002",340.33
"1161","9/25/2002",336
"1162","9/26/2002",335.82
"1163","9/27/2002",338.72
"1164","9/30/2002",331.79
"1165","10/1/2002",333.69
"1166","10/2/2002",335.43
"1167","10/3/2002",336.55
"1168","10/4/2002",340.92
"1169","10/7/2002",335.88
"1170","10/8/2002",337.84
"1171","10/9/2002",338.37
"1172","10/10/2002",333.75
"1173","10/11/2002",330.41
"1174","10/14/2002",323.86
"1175","10/15/2002",328.29
"1176","10/16/2002",332.8
"1177","10/17/2002",333.18
"1178","10/18/2002",342.46
"1179","10/21/2002",344.28
"1180","10/22/2002",346.21
"1181","10/24/2002",346.59
"1182","10/25/2002",348.46
"1183","10/28/2002",357.42
"1184","10/29/2002",353.95
"1185","10/30/2002",355
"1186","10/31/2002",357.22
"1187","11/1/2002",357.68
"1188","11/4/2002",358.8
"1189","11/5/2002",355.77
"1190","11/6/2002",353.8
"1191","11/7/2002",357.46
"1192","11/8/2002",355
"1193","11/11/2002",350.36
"1194","11/12/2002",345.07
"1195","11/13/2002",343.67
"1196","11/14/2002",348.95
"1197","11/15/2002",356.24
"1198","11/18/2002",357.1
"1199","11/19/2002",353.62
"1200","11/20/2002",352.18
"1201","11/21/2002",358.44
"1202","11/22/2002",362.59
"1203","11/25/2002",364.53
"1204","11/26/2002",361.21
"1205","11/27/2002",361.35
"1206","11/28/2002",364.29
"1207","11/29/2002",364.9
"1208","12/2/2002",366.67
"1209","12/3/2002",364.19
"1210","12/4/2002",364.94
"1211","12/6/2002",365.09
"1212","12/9/2002",365.35
"1213","12/11/2002",365.46
"1214","12/12/2002",360.99
"1215","12/13/2002",356.2
"1216","12/16/2002",353.93
"1217","12/17/2002",352.83
"1218","12/18/2002",350.62
"1219","12/19/2002",350.25
"1220","12/22/2002",350.01
"1221","12/23/2002",350.55
"1222","12/24/2002",350.93
"1223","12/25/2002",353.14
"1224","12/26/2002",354.96
"1225","12/27/2002",356.48
"1226","1/2/2003",351.52
"1227","1/3/2003",357.23
"1228","1/6/2003",364.15
"1229","1/7/2003",365.51
"1230","1/8/2003",360.41
"1231","1/9/2003",358.76
"1232","1/10/2003",358.76
"1233","1/13/2003",364.05
"1234","1/14/2003",373.33
"1235","1/15/2003",371.82
"1236","1/16/2003",370.48
"1237","1/17/2003",367.16
"1238","1/20/2003",371.45
"1239","1/21/2003",375.91
"1240","1/22/2003",373.17
"1241","1/23/2003",376.56
"1242","1/24/2003",376.3
"1243","1/27/2003",370.8
"1244","1/28/2003",374.76
"1245","1/29/2003",369.69
"1246","1/30/2003",370.3
"1247","1/31/2003",370.01
"1248","2/3/2003",372.4
"1249","2/4/2003",373.37
"1250","2/5/2003",373.28
"1251","2/6/2003",379.1
"1252","2/7/2003",378.95
"1253","2/10/2003",375.48
"1254","2/11/2003",379.14
"1255","2/12/2003",380.26
"1256","2/13/2003",370.25
"1257","2/14/2003",368.71
"1258","2/18/2003",370.45
"1259","2/19/2003",371.18
"1260","2/20/2003",364.42
"1261","2/21/2003",359.53
"1262","2/24/2003",362.09
"1263","2/25/2003",356.76
"1264","2/26/2003",356.02
"1265","2/27/2003",358.89
"1266","2/28/2003",361.32
"1267","3/3/2003",367.67
"1268","3/4/2003",364.55
"1269","3/5/2003",359.9
"1270","3/6/2003",358.96
"1271","3/7/2003",358.48
"1272","3/10/2003",353.29
"1273","3/11/2003",350.98
"1274","3/12/2003",352.44
"1275","3/13/2003",353.48
"1276","3/14/2003",358.24
"1277","3/17/2003",354.61
"1278","3/18/2003",362.85
"1279","3/19/2003",361.13
"1280","3/20/2003",364.24
"1281","3/21/2003",363.62
"1282","3/24/2003",361.28
"1283","3/25/2003",363.74
"1284","3/26/2003",368.14
"1285","3/27/2003",368.94
"1286","3/28/2003",369.53
"1287","3/31/2003",364.55
"1288","4/1/2003",362.22
"1289","4/2/2003",363.02
"1290","4/3/2003",365.12
"1291","4/4/2003",371.93
"1292","4/8/2003",375.82
"1293","4/9/2003",376.2
"1294","4/10/2003",375.02
"1295","4/11/2003",383.36
"1296","4/16/2003",386.54
"1297","4/17/2003",384.63
"1298","4/18/2003",384.5
"1299","4/21/2003",385.5
"1300","4/22/2003",378.97
"1301","4/23/2003",375.39
"1302","4/24/2003",369.71
"1303","4/25/2003",368.53
"1304","4/28/2003",368.85
"1305","4/29/2003",372.92
"1306","4/30/2003",374.63
"1307","5/2/2003",375.24
"1308","5/6/2003",380.05
"1309","5/7/2003",379.45
"1310","5/8/2003",378.2
"1311","5/9/2003",384.32
"1312","5/12/2003",383.49
"1313","5/13/2003",386.79
"1314","5/14/2003",385.22
"1315","5/16/2003",383
"1316","5/19/2003",379.03
"1317","5/20/2003",382.97
"1318","5/21/2003",387.37
"1319","5/22/2003",388.62
"1320","5/23/2003",395.52
"1321","5/26/2003",396.88
"1322","5/27/2003",400.69
"1323","5/28/2003",402.98
"1324","5/29/2003",403.4
"1325","5/30/2003",403.82
"1326","6/2/2003",404.78
"1327","6/3/2003",403.69
"1328","6/4/2003",412.68
"1329","6/5/2003",415.63
"1330","6/6/2003",418.21
"1331","6/9/2003",419.28
"1332","6/10/2003",424.05
"1333","6/11/2003",422.6
"1334","6/12/2003",431.73
"1335","6/13/2003",427.97
"1336","6/16/2003",429.75
"1337","6/17/2003",442.3
"1338","6/18/2003",446.2
"1339","6/19/2003",454.19
"1340","6/20/2003",452.66
"1341","6/23/2003",458.79
"1342","6/24/2003",450.02
"1343","6/25/2003",453.89
"1344","6/26/2003",459.34
"1345","6/27/2003",457.51
"1346","6/30/2003",461.82
"1347","7/2/2003",477.73
"1348","7/3/2003",489.8
"1349","7/4/2003",495.72
"1350","7/7/2003",489.33
"1351","7/8/2003",496.64
"1352","7/9/2003",482.52
"1353","7/10/2003",474.28
"1354","7/11/2003",484.39
"1355","7/15/2003",494.2
"1356","7/16/2003",503.19
"1357","7/17/2003",495.08
"1358","7/18/2003",493.04
"1359","7/21/2003",487.44
"1360","7/22/2003",488.58
"1361","7/23/2003",480.44
"1362","7/24/2003",478.9
"1363","7/25/2003",484.86
"1364","7/28/2003",480.48
"1365","7/29/2003",478.29
"1366","7/30/2003",474.9
"1367","7/31/2003",484.11
"1368","8/1/2003",491.54
"1369","8/4/2003",494.84
"1370","8/5/2003",489.99
"1371","8/6/2003",489.77
"1372","8/7/2003",498.38
"1373","8/8/2003",503.2
"1374","8/11/2003",513.19
"1375","8/13/2003",525.15
"1376","8/14/2003",518.83
"1377","8/15/2003",519.04
"1378","8/18/2003",520.51
"1379","8/19/2003",525.94
"1380","8/20/2003",521.1
"1381","8/21/2003",530.21
"1382","8/22/2003",534.81
"1383","8/25/2003",529.53
"1384","8/26/2003",531.06
"1385","8/27/2003",525.82
"1386","8/28/2003",535.91
"1387","8/29/2003",537.71
"1388","9/1/2003",545.23
"1389","9/2/2003",541.9
"1390","9/3/2003",539.88
"1391","9/4/2003",545.43
"1392","9/5/2003",557.81
"1393","9/8/2003",564.41
"1394","9/9/2003",557.55
"1395","9/10/2003",560.57
"1396","9/11/2003",561.66
"1397","9/12/2003",568.37
"1398","9/15/2003",566.54
"1399","9/16/2003",568.83
"1400","9/17/2003",558.7
"1401","9/18/2003",553.32
"1402","9/19/2003",567.21
"1403","9/22/2003",562.19
"1404","9/23/2003",566.13
"1405","9/24/2003",575.55
"1406","9/25/2003",576.68
"1407","9/26/2003",580.87
"1408","9/29/2003",580.93
"1409","9/30/2003",578.98
"1410","10/1/2003",569.75
"1411","10/2/2003",567.02
"1412","10/3/2003",558.34
"1413","10/6/2003",544.36
"1414","10/7/2003",544.39
"1415","10/8/2003",560.74
"1416","10/9/2003",573.63
"1417","10/10/2003",582.15
"1418","10/13/2003",578.59
"1419","10/14/2003",568.47
"1420","10/15/2003",576.1
"1421","10/16/2003",583.61
"1422","10/17/2003",588.6
"1423","10/20/2003",592.78
"1424","10/21/2003",593.02
"1425","10/22/2003",604.77
"1426","10/24/2003",609.25
"1427","10/27/2003",615.68
"1428","10/28/2003",615.39
"1429","10/29/2003",624.06
"1430","10/30/2003",624.37
"1431","10/31/2003",639.45
"1432","11/3/2003",659.96
"1433","11/4/2003",665.06
"1434","11/5/2003",673.7
"1435","11/6/2003",667.54
"1436","11/7/2003",671
"1437","11/10/2003",664.36
"1438","11/11/2003",647.55
"1439","11/12/2003",653.49
"1440","11/13/2003",658.15
"1441","11/14/2003",657.38
"1442","11/17/2003",640.84
"1443","11/18/2003",636.75
"1444","11/19/2003",619.03
"1445","11/20/2003",614.23
"1446","11/21/2003",613.43
"1447","11/24/2003",605.29
"1448","11/25/2003",605.03
"1449","11/26/2003",630.82
"1450","11/27/2003",635.25
"1451","11/28/2003",646.03
"1452","12/1/2003",641.15
"1453","12/2/2003",646.64
"1454","12/3/2003",659.43
"1455","12/4/2003",659.29
"1456","12/8/2003",664.36
"1457","12/9/2003",667.08
"1458","12/11/2003",674
"1459","12/12/2003",674.45
"1460","12/15/2003",689.05
"1461","12/16/2003",691.88
"1462","12/17/2003",687.88
"1463","12/18/2003",700.93
"1464","12/19/2003",709.15
"1465","12/22/2003",718.33
"1466","12/23/2003",718.47
"1467","12/24/2003",723.39
"1468","12/25/2003",721.65
"1469","12/26/2003",734.89
"1470","12/29/2003",746.81
"1471","12/30/2003",764.23
"1472","12/31/2003",772.15
"1473","1/5/2004",790.93
"1474","1/6/2004",769.68
"1475","1/7/2004",750.97
"1476","1/8/2004",773.55
"1477","1/9/2004",783.44
"1478","1/12/2004",794.01
"1479","1/13/2004",792.23
"1480","1/14/2004",790.84
"1481","1/15/2004",767.39
"1482","1/16/2004",778.44
"1483","1/19/2004",774.67
"1484","1/20/2004",771.88
"1485","1/21/2004",766.72
"1486","1/22/2004",760.17
"1487","1/23/2004",754.44
"1488","1/26/2004",725.56
"1489","1/27/2004",739.47
"1490","1/28/2004",722.14
"1491","1/29/2004",714.04
"1492","1/30/2004",698.9
"1493","2/2/2004",667.33
"1494","2/3/2004",699.75
"1495","2/4/2004",718.06
"1496","2/5/2004",734.55
"1497","2/6/2004",711.15
"1498","2/9/2004",732.05
"1499","2/10/2004",739.64
"1500","2/11/2004",753.24
"1501","2/12/2004",748.16
"1502","2/13/2004",755.18
"1503","2/16/2004",738.92
"1504","2/17/2004",748.83
"1505","2/18/2004",742.33
"1506","2/19/2004",732.97
"1507","2/20/2004",728.64
"1508","2/23/2004",724.86
"1509","2/24/2004",720.28
"1510","2/25/2004",704.65
"1511","2/26/2004",697.92
"1512","2/27/2004",716.3
"1513","3/1/2004",705.25
"1514","3/2/2004",701.75
"1515","3/3/2004",696.24
"1516","3/4/2004",700.59
"1517","3/8/2004",704.46
"1518","3/9/2004",710.66
"1519","3/10/2004",705.29
"1520","3/11/2004",707.74
"1521","3/12/2004",695.08
"1522","3/15/2004",678.42
"1523","3/16/2004",669.8
"1524","3/17/2004",674.41
"1525","3/18/2004",687.19
"1526","3/19/2004",681.27
"1527","3/22/2004",681.34
"1528","3/23/2004",679.22
"1529","3/24/2004",677.61
"1530","3/25/2004",664.66
"1531","3/26/2004",665.25
"1532","3/29/2004",645.8
"1533","3/30/2004",649.21
"1534","3/31/2004",647.3
"1535","4/1/2004",671.92
"1536","4/2/2004",693.12
"1537","4/5/2004",709.89
"1538","4/7/2004",698.82
"1539","4/8/2004",691.69
"1540","4/9/2004",691.39
"1541","4/12/2004",701.72
"1542","4/16/2004",712.2
"1543","4/19/2004",704.65
"1544","4/20/2004",713.95
"1545","4/21/2004",706.65
"1546","4/22/2004",690.96
"1547","4/23/2004",681.88
"1548","4/26/2004",667.61
"1549","4/27/2004",680.89
"1550","4/28/2004",672.34
"1551","4/29/2004",656.38
"1552","4/30/2004",648.15
"1553","5/4/2004",644.1
"1554","5/6/2004",634.01
"1555","5/7/2004",636.8
"1556","5/10/2004",605.62
"1557","5/11/2004",618.1
"1558","5/12/2004",622.01
"1559","5/13/2004",611.23
"1560","5/14/2004",609.72
"1561","5/17/2004",581.61
"1562","5/18/2004",582.51
"1563","5/19/2004",614.99
"1564","5/20/2004",599.88
"1565","5/21/2004",615.41
"1566","5/24/2004",608.9
"1567","5/25/2004",601.51
"1568","5/26/2004",609.6
"1569","5/27/2004",630.72
"1570","5/28/2004",638.59
"1571","5/31/2004",641.05
"1572","6/1/2004",635.01
"1573","6/3/2004",627.54
"1574","6/4/2004",626.47
"1575","6/7/2004",625.83
"1576","6/8/2004",611.46
"1577","6/9/2004",611.61
"1578","6/10/2004",612.21
"1579","6/11/2004",613.13
"1580","6/14/2004",614
"1581","6/15/2004",613.76
"1582","6/16/2004",624.36
"1583","6/17/2004",623.72
"1584","6/18/2004",622.71
"1585","6/21/2004",630.03
"1586","6/22/2004",629.36
"1587","6/23/2004",627.24
"1588","6/24/2004",637.03
"1589","6/25/2004",644
"1590","6/28/2004",651.86
"1591","6/29/2004",649.62
"1592","6/30/2004",646.64
"1593","7/2/2004",647.57
"1594","7/5/2004",655.87
"1595","7/6/2004",664.69
"1596","7/7/2004",666.43
"1597","7/8/2004",659.14
"1598","7/9/2004",666.59
"1599","7/12/2004",661.49
"1600","7/13/2004",663
"1601","7/14/2004",652.79
"1602","7/15/2004",646.76
"1603","7/16/2004",646.11
"1604","7/19/2004",642.12
"1605","7/20/2004",645.58
"1606","7/21/2004",655.82
"1607","7/22/2004",650.12
"1608","7/23/2004",648.47
"1609","7/26/2004",633.42
"1610","7/27/2004",633.21
"1611","7/28/2004",634.73
"1612","7/29/2004",631.42
"1613","7/30/2004",636.7
"1614","8/3/2004",630.81
"1615","8/4/2004",619.19
"1616","8/5/2004",618.9
"1617","8/6/2004",610.94
"1618","8/9/2004",607.47
"1619","8/10/2004",606.94
"1620","8/11/2004",595.6
"1621","8/13/2004",588.87
"1622","8/16/2004",596.98
"1623","8/17/2004",602.75
"1624","8/18/2004",605.3
"1625","8/19/2004",602.54
"1626","8/20/2004",598.55
"1627","8/23/2004",599.55
"1628","8/24/2004",600.03
"1629","8/25/2004",607.69
"1630","8/26/2004",617.07
"1631","8/27/2004",620.12
"1632","8/30/2004",612.45
"1633","8/31/2004",624.59
"1634","9/1/2004",628.81
"1635","9/2/2004",628.78
"1636","9/3/2004",629.08
"1637","9/6/2004",630.87
"1638","9/7/2004",631.4
"1639","9/8/2004",630.21
"1640","9/9/2004",641.04
"1641","9/10/2004",640.6
"1642","9/13/2004",649.93
"1643","9/14/2004",651.89
"1644","9/15/2004",662.28
"1645","9/16/2004",662.39
"1646","9/17/2004",668.73
"1647","9/20/2004",668.29
"1648","9/21/2004",660.92
"1649","9/22/2004",663.51
"1650","9/23/2004",648.8
"1651","9/24/2004",654.6
"1652","9/27/2004",646.78
"1653","9/28/2004",637.89
"1654","9/29/2004",636.57
"1655","9/30/2004",644.67
"1656","10/1/2004",661.23
"1657","10/4/2004",679.13
"1658","10/5/2004",673.88
"1659","10/6/2004",668.51
"1660","10/7/2004",670.06
"1661","10/8/2004",676.15
"1662","10/11/2004",677.93
"1663","10/12/2004",658.27
"1664","10/13/2004",661.29
"1665","10/14/2004",641.3
"1666","10/15/2004",648.48
"1667","10/18/2004",646.51
"1668","10/19/2004",661
"1669","10/20/2004",652.46
"1670","10/21/2004",649.27
"1671","10/22/2004",659.05
"1672","10/26/2004",648.38
"1673","10/27/2004",626.85
"1674","10/28/2004",621.57
"1675","10/29/2004",628.16
"1676","11/1/2004",626.96
"1677","11/2/2004",631.99
"1678","11/3/2004",641.29
"1679","11/4/2004",639.13
"1680","11/5/2004",635.09
"1681","11/8/2004",629.2
"1682","11/9/2004",632.94
"1683","11/10/2004",625.78
"1684","11/11/2004",627.34
"1685","11/12/2004",639.74
"1686","11/15/2004",647.56
"1687","11/16/2004",642.65
"1688","11/17/2004",644.16
"1689","11/18/2004",646.93
"1690","11/19/2004",651.42
"1691","11/22/2004",644.95
"1692","11/23/2004",650.87
"1693","11/24/2004",643.06
"1694","11/25/2004",647.49
"1695","11/26/2004",648.75
"1696","11/29/2004",657.25
"1697","11/30/2004",656.73
"1698","12/1/2004",655.44
"1699","12/2/2004",661.08
"1700","12/3/2004",663.84
"1701","12/7/2004",655.83
"1702","12/8/2004",645.41
"1703","12/9/2004",648.78
"1704","12/13/2004",645.75
"1705","12/14/2004",646.08
"1706","12/15/2004",657.18
"1707","12/16/2004",661.42
"1708","12/17/2004",669.46
"1709","12/20/2004",675.71
"1710","12/21/2004",671.5
"1711","12/22/2004",672.79
"1712","12/23/2004",667.9
"1713","12/24/2004",670.35
"1714","12/27/2004",663.86
"1715","12/28/2004",662.39
"1716","12/29/2004",664.46
"1717","12/30/2004",668.1
"1718","1/4/2005",684.48
"1719","1/5/2005",683.5
"1720","1/6/2005",693.62
"1721","1/7/2005",697.84
"1722","1/10/2005",696.03
"1723","1/11/2005",691.97
"1724","1/12/2005",694.63
"1725","1/13/2005",693.43
"1726","1/14/2005",701.66
"1727","1/17/2005",708.3
"1728","1/18/2005",709.55
"1729","1/19/2005",709.03
"1730","1/20/2005",706.9
"1731","1/21/2005",696.85
"1732","1/24/2005",695.92
"1733","1/25/2005",702.14
"1734","1/26/2005",702.66
"1735","1/27/2005",701.25
"1736","1/28/2005",701.66
"1737","1/31/2005",701.91
"1738","2/1/2005",708.73
"1739","2/2/2005",710.33
"1740","2/3/2005",716.92
"1741","2/4/2005",719.1
"1742","2/7/2005",725.76
"1743","2/8/2005",731.42
"1744","2/9/2005",735.63
"1745","2/10/2005",736.22
"1746","2/11/2005",726.2
"1747","2/14/2005",728.8
"1748","2/15/2005",736.91
"1749","2/16/2005",739.37
"1750","2/17/2005",734.68
"1751","2/18/2005",737.5
"1752","2/21/2005",725.89
"1753","2/22/2005",730.56
"1754","2/24/2005",736.89
"1755","2/25/2005",740.04
"1756","2/28/2005",741.55
"1757","3/1/2005",738.75
"1758","3/2/2005",720.92
"1759","3/3/2005",720.39
"1760","3/4/2005",728.42
"1761","3/7/2005",737.42
"1762","3/8/2005",722.6
"1763","3/9/2005",722.58
"1764","3/10/2005",719.53
"1765","3/11/2005",710.98
"1766","3/14/2005",700.22
"1767","3/15/2005",696.84
"1768","3/16/2005",706.64
"1769","3/17/2005",706.53
"1770","3/18/2005",711.4
"1771","3/21/2005",705.03
"1772","3/22/2005",699.53
"1773","3/23/2005",693.26
"1774","3/24/2005",685.06
"1775","3/25/2005",687.32
"1776","3/28/2005",682.98
"1777","3/29/2005",676.91
"1778","3/30/2005",672.82
"1779","3/31/2005",681.49
"1780","4/1/2005",695.83
"1781","4/4/2005",682.52
"1782","4/5/2005",681.66
"1783","4/7/2005",677.97
"1784","4/8/2005",683.76
"1785","4/11/2005",694.34
"1786","4/12/2005",698.28
"1787","4/18/2005",676.9
"1788","4/19/2005",678.37
"1789","4/20/2005",684.19
"1790","4/21/2005",680.6
"1791","4/22/2005",677.25
"1792","4/25/2005",664.47
"1793","4/26/2005",662.13
"1794","4/27/2005",664.63
"1795","4/28/2005",659.24
"1796","4/29/2005",658.88
"1797","5/3/2005",669.72
"1798","5/4/2005",675.03
"1799","5/6/2005",689.36
"1800","5/9/2005",688.21
"1801","5/10/2005",681.83
"1802","5/11/2005",684.65
"1803","5/12/2005",682.12
"1804","5/13/2005",679.11
"1805","5/16/2005",670.76
"1806","5/17/2005",664.61
"1807","5/18/2005",672.19
"1808","5/19/2005",676.54
"1809","5/20/2005",670.65
"1810","5/24/2005",663.66
"1811","5/25/2005",660.18
"1812","5/26/2005",662.64
"1813","5/27/2005",663.48
"1814","5/30/2005",668.2
"1815","5/31/2005",667.55
"1816","6/1/2005",667.52
"1817","6/2/2005",672.81
"1818","6/3/2005",676.7
"1819","6/6/2005",682.3
"1820","6/7/2005",682.15
"1821","6/8/2005",684.07
"1822","6/9/2005",677.2
"1823","6/10/2005",679.98
"1824","6/13/2005",675.09
"1825","6/14/2005",683.68
"1826","6/15/2005",687.47
"1827","6/16/2005",687.16
"1828","6/17/2005",686.52
"1829","6/20/2005",679.68
"1830","6/21/2005",689.64
"1831","6/22/2005",686.57
"1832","6/23/2005",693.13
"1833","6/24/2005",690.25
"1834","6/27/2005",684.18
"1835","6/28/2005",684.68
"1836","6/29/2005",685.56
"1837","6/30/2005",675.5
"1838","7/4/2005",669.78
"1839","7/5/2005",663.52
"1840","7/6/2005",659.91
"1841","7/7/2005",638.31
"1842","7/8/2005",643.31
"1843","7/11/2005",640.82
"1844","7/12/2005",648.98
"1845","7/13/2005",658.37
"1846","7/14/2005",661.45
"1847","7/15/2005",655.46
"1848","7/18/2005",652.67
"1849","7/19/2005",648.67
"1850","7/20/2005",650.04
"1851","7/21/2005",648.92
"1852","7/25/2005",659.64
"1853","7/26/2005",656.91
"1854","7/27/2005",665.72
"1855","7/28/2005",670.09
"1856","7/29/2005",675.67
"1857","8/1/2005",674.99
"1858","8/2/2005",683.16
"1859","8/3/2005",687.94
"1860","8/4/2005",684.57
"1861","8/5/2005",686.01
"1862","8/8/2005",686.32
"1863","8/9/2005",681.54
"1864","8/10/2005",684.59
"1865","8/11/2005",681.95
"1866","8/15/2005",675.52
"1867","8/16/2005",667.18
"1868","8/17/2005",667.49
"1869","8/18/2005",672.02
"1870","8/19/2005",680.83
"1871","8/22/2005",690.77
"1872","8/23/2005",690.39
"1873","8/24/2005",695.67
"1874","8/25/2005",692.14
"1875","8/26/2005",695.89
"1876","8/29/2005",691.33
"1877","8/30/2005",692.86
"1878","8/31/2005",697.85
"1879","9/1/2005",710.28
"1880","9/2/2005",709.97
"1881","9/5/2005",707.94
"1882","9/6/2005",705.46
"1883","9/7/2005",708.5
"1884","9/8/2005",715.08
"1885","9/9/2005",712.78
"1886","9/12/2005",712.8
"1887","9/13/2005",710.31
"1888","9/14/2005",717.77
"1889","9/15/2005",711.2
"1890","9/16/2005",708.26
"1891","9/19/2005",708.98
"1892","9/20/2005",723.16
"1893","9/21/2005",721.16
"1894","9/22/2005",725.64
"1895","9/23/2005",725.31
"1896","9/26/2005",721.28
"1897","9/27/2005",724.24
"1898","9/28/2005",723.2
"1899","9/29/2005",722.83
"1900","9/30/2005",723.23
"1901","10/3/2005",717.42
"1902","10/4/2005",714.9
"1903","10/5/2005",717.17
"1904","10/6/2005",710.79
"1905","10/7/2005",708.98
"1906","10/10/2005",707.05
"1907","10/11/2005",709.13
"1908","10/12/2005",709.2
"1909","10/13/2005",704.32
"1910","10/14/2005",700.02
"1911","10/17/2005",696.28
"1912","10/18/2005",695.18
"1913","10/19/2005",684.07
"1914","10/20/2005",681.92
"1915","10/21/2005",686.21
"1916","10/25/2005",676.84
"1917","10/26/2005",685.04
"1918","10/27/2005",685.29
"1919","10/28/2005",682.25
"1920","10/31/2005",682.62
"1921","11/1/2005",693.27
"1922","11/2/2005",699.88
"1923","11/3/2005",704.79
"1924","11/4/2005",706.23
"1925","11/7/2005",700.75
"1926","11/8/2005",695.6
"1927","11/9/2005",696.85
"1928","11/10/2005",694.44
"1929","11/11/2005",690.45
"1930","11/14/2005",683.41
"1931","11/15/2005",681.58
"1932","11/16/2005",675.31
"1933","11/17/2005",672.63
"1934","11/18/2005",676.41
"1935","11/21/2005",672.06
"1936","11/22/2005",674.25
"1937","11/23/2005",669.18
"1938","11/24/2005",669.76
"1939","11/25/2005",669.89
"1940","11/28/2005",666.69
"1941","11/29/2005",669.9
"1942","11/30/2005",667.75
"1943","12/1/2005",660.95
"1944","12/2/2005",659.91
"1945","12/6/2005",679.16
"1946","12/7/2005",694.87
"1947","12/8/2005",692.58
"1948","12/9/2005",697.74
"1949","12/13/2005",693.48
"1950","12/14/2005",694.72
"1951","12/15/2005",690.49
"1952","12/16/2005",691.17
"1953","12/19/2005",691.28
"1954","12/20/2005",698.68
"1955","12/21/2005",698.43
"1956","12/22/2005",696.41
"1957","12/23/2005",698.95
"1958","12/26/2005",701.37
"1959","12/27/2005",706.47
"1960","12/28/2005",705.29
"1961","12/29/2005",710.22
"1962","12/30/2005",713.73
"1963","1/3/2006",725.64
"1964","1/4/2006",743.2
"1965","1/5/2006",741.28
"1966","1/6/2006",747.34
"1967","1/9/2006",762.26
"1968","1/10/2006",759.32
"1969","1/11/2006",764.01
"1970","1/12/2006",753.04
"1971","1/13/2006",755.72
"1972","1/16/2006",752
"1973","1/17/2006",750.73
"1974","1/18/2006",736.4
"1975","1/19/2006",744.98
"1976","1/20/2006",747.7
"1977","1/23/2006",750.28
"1978","1/24/2006",745.95
"1979","1/25/2006",762.7
"1980","1/26/2006",761.14
"1981","1/27/2006",761.27
"1982","1/30/2006",756.15
"1983","1/31/2006",762.63
"1984","2/1/2006",760.36
"1985","2/2/2006",744.54
"1986","2/3/2006",747.09
"1987","2/6/2006",744.12
"1988","2/7/2006",743.37
"1989","2/8/2006",734.63
"1990","2/9/2006",733.14
"1991","2/10/2006",738.07
"1992","2/14/2006",727.91
"1993","2/15/2006",725.73
"1994","2/16/2006",735.16
"1995","2/17/2006",739.35
"1996","2/20/2006",734.65
"1997","2/21/2006",727.76
"1998","2/22/2006",728.6
"1999","2/23/2006",732.68
"2000","2/24/2006",741.8
"2001","2/27/2006",753.1
"2002","2/28/2006",744.05
"2003","3/1/2006",748.28
"2004","3/2/2006",752.52
"2005","3/3/2006",753.39
"2006","3/6/2006",750.81
"2007","3/7/2006",738.36
"2008","3/8/2006",723.86
"2009","3/9/2006",728.99
"2010","3/10/2006",728.18
"2011","3/13/2006",732.88
"2012","3/14/2006",738.63
"2013","3/15/2006",741.21
"2014","3/16/2006",739.96
"2015","3/17/2006",741.43
"2016","3/20/2006",734.51
"2017","3/21/2006",732.48
"2018","3/22/2006",724.41
"2019","3/23/2006",729.72
"2020","3/24/2006",730.85
"2021","3/27/2006",733.33
"2022","3/28/2006",729.24
"2023","3/29/2006",724.87
"2024","3/30/2006",730.99
"2025","3/31/2006",733.25
"2026","4/3/2006",738.67
"2027","4/4/2006",745.33
"2028","4/5/2006",768.07
"2029","4/7/2006",770.33
"2030","4/10/2006",757.51
"2031","4/11/2006",757.4
"2032","4/12/2006",755.43
"2033","4/17/2006",759.42
"2034","4/18/2006",764.17
"2035","4/20/2006",774.57
"2036","4/21/2006",773.06
"2037","4/24/2006",771.54
"2038","4/25/2006",763.88
"2039","4/26/2006",770.4
"2040","4/27/2006",770.01
"2041","4/28/2006",768.29
"2042","5/2/2006",768.26
"2043","5/3/2006",774.44
"2044","5/4/2006",768.22
"2045","5/8/2006",782.91
"2046","5/9/2006",785.38
"2047","5/10/2006",784.28
"2048","5/11/2006",782.5
"2049","5/15/2006",765.97
"2050","5/16/2006",761.87
"2051","5/17/2006",762.36
"2052","5/18/2006",748.3
"2053","5/19/2006",746.33
"2054","5/22/2006",724.44
"2055","5/23/2006",727.21
"2056","5/24/2006",714.1
"2057","5/25/2006",701.03
"2058","5/26/2006",717.5
"2059","5/29/2006",721.58
"2060","5/30/2006",713.96
"2061","5/31/2006",709.43
"2062","6/1/2006",710.3
"2063","6/2/2006",722.61
"2064","6/5/2006",713.22
"2065","6/6/2006",702.04
"2066","6/7/2006",688.22
"2067","6/8/2006",675.63
"2068","6/9/2006",670.41
"2069","6/14/2006",646.69
"2070","6/15/2006",648.32
"2071","6/16/2006",665.39
"2072","6/19/2006",659.68
"2073","6/20/2006",646.78
"2074","6/21/2006",649.74
"2075","6/22/2006",659.32
"2076","6/23/2006",659.52
"2077","6/26/2006",659.27
"2078","6/27/2006",659.69
"2079","6/28/2006",666.8
"2080","6/29/2006",670.71
"2081","6/30/2006",678.13
"2082","7/3/2006",683.98
"2083","7/4/2006",694.52
"2084","7/5/2006",680.72
"2085","7/6/2006",688.96
"2086","7/7/2006",686.11
"2087","7/10/2006",684.55
"2088","7/12/2006",686.02
"2089","7/13/2006",672.34
"2090","7/14/2006",661.59
"2091","7/17/2006",653.02
"2092","7/18/2006",659.58
"2093","7/19/2006",660.11
"2094","7/20/2006",668.96
"2095","7/21/2006",685.71
"2096","7/24/2006",683.76
"2097","7/25/2006",688.35
"2098","7/26/2006",690.92
"2099","7/27/2006",695.83
"2100","7/28/2006",691.43
"2101","7/31/2006",691.49
"2102","8/1/2006",686.97
"2103","8/2/2006",694.09
"2104","8/3/2006",703.1
"2105","8/4/2006",703.28
"2106","8/7/2006",705.35
"2107","8/8/2006",711.8
"2108","8/9/2006",708.93
"2109","8/10/2006",698.12
"2110","8/11/2006",708.42
"2111","8/15/2006",707.68
"2112","8/16/2006",712.07
"2113","8/17/2006",709.01
"2114","8/18/2006",708.49
"2115","8/21/2006",705.93
"2116","8/22/2006",706.3
"2117","8/23/2006",698.01
"2118","8/24/2006",692.17
"2119","8/25/2006",689.13
"2120","8/28/2006",682.07
"2121","8/29/2006",686.24
"2122","8/30/2006",684.51
"2123","8/31/2006",690.9
"2124","9/1/2006",696.44
"2125","9/4/2006",703.53
"2126","9/5/2006",701.1
"2127","9/6/2006",701.96
"2128","9/7/2006",692.56
"2129","9/8/2006",692.46
"2130","9/11/2006",686.03
"2131","9/12/2006",687.76
"2132","9/13/2006",698.19
"2133","9/14/2006",701.97
"2134","9/15/2006",700.61
"2135","9/18/2006",705.89
"2136","9/19/2006",702.56
"2137","9/21/2006",692.57
"2138","9/22/2006",681.71
"2139","9/25/2006",686.74
"2140","9/26/2006",688.63
"2141","9/27/2006",693.03
"2142","9/28/2006",687.9
"2143","9/29/2006",686.1
"2144","10/2/2006",683.84
"2145","10/3/2006",681.84
"2146","10/4/2006",687.96
"2147","10/5/2006",695.72
"2148","10/6/2006",694.6
"2149","10/9/2006",692.26
"2150","10/10/2006",699.16
"2151","10/11/2006",697.82
"2152","10/12/2006",709.67
"2153","10/13/2006",712.05
"2154","10/16/2006",717.11
"2155","10/17/2006",710.74
"2156","10/18/2006",718.74
"2157","10/19/2006",720.87
"2158","10/20/2006",724.98
"2159","10/24/2006",728.53
"2160","10/25/2006",732.8
"2161","10/26/2006",728.49
"2162","10/27/2006",725.77
"2163","10/30/2006",718.74
"2164","10/31/2006",722.46
"2165","11/1/2006",730.87
"2166","11/2/2006",729.03
"2167","11/3/2006",732.3
"2168","11/6/2006",734.9
"2169","11/7/2006",738.9
"2170","11/8/2006",738.93
"2171","11/9/2006",743.85
"2172","11/10/2006",740.42
"2173","11/13/2006",736.83
"2174","11/14/2006",733.87
"2175","11/15/2006",734.05
"2176","11/16/2006",733.14
"2177","11/17/2006",733.92
"2178","11/20/2006",726.37
"2179","11/21/2006",724.64
"2180","11/22/2006",729.43
"2181","11/23/2006",728.92
"2182","11/24/2006",723.87
"2183","11/27/2006",734.66
"2184","11/28/2006",727.33
"2185","11/29/2006",735.76
"2186","11/30/2006",739.06
"2187","12/1/2006",741.38
"2188","12/4/2006",742.45
"2189","12/6/2006",746.16
"2190","12/7/2006",745.54
"2191","12/8/2006",740.94
"2192","12/12/2006",738.25
"2193","12/13/2006",734.98
"2194","12/14/2006",732.4
"2195","12/15/2006",736.29
"2196","12/18/2006",730.55
"2197","12/19/2006",622.14
"2198","12/20/2006",691.55
"2199","12/21/2006",676.1
"2200","12/22/2006",680.31
"2201","12/25/2006",684.32
"2202","12/26/2006",688.72
"2203","12/27/2006",687.88
"2204","12/28/2006",680.36
"2205","12/29/2006",679.84
"2206","1/3/2007",659.25
"2207","1/4/2007",648.22
"2208","1/5/2007",628.19
"2209","1/8/2007",633.82
"2210","1/9/2007",616.75
"2211","1/10/2007",622.27
"2212","1/11/2007",637.63
"2213","1/12/2007",645.71
"2214","1/15/2007",656.31
"2215","1/16/2007",655.9
"2216","1/17/2007",651.47
"2217","1/18/2007",654.89
"2218","1/19/2007",658.17
"2219","1/22/2007",655.12
"2220","1/23/2007",650.76
"2221","1/24/2007",657.16
"2222","1/25/2007",660.71
"2223","1/26/2007",657.65
"2224","1/29/2007",653.92
"2225","1/30/2007",653.49
"2226","1/31/2007",654.04
"2227","2/1/2007",657
"2228","2/2/2007",670.6
"2229","2/5/2007",674.42
"2230","2/6/2007",673.63
"2231","2/7/2007",675.33
"2232","2/8/2007",691.28
"2233","2/9/2007",695.27
"2234","2/12/2007",697.46
"2235","2/13/2007",692.48
"2236","2/14/2007",697.84
"2237","2/15/2007",693.86
"2238","2/16/2007",688.01
"2239","2/19/2007",685.38
"2240","2/20/2007",690.67
"2241","2/21/2007",692.38
"2242","2/22/2007",693.61
"2243","2/23/2007",690.76
"2244","2/26/2007",688.7
"2245","2/27/2007",683.95
"2246","2/28/2007",677.13
"2247","3/1/2007",680.6
"2248","3/2/2007",679.02
"2249","3/6/2007",674.24
"2250","3/7/2007",670.37
"2251","3/8/2007",671.98
"2252","3/9/2007",671.17
"2253","3/12/2007",672.36
"2254","3/13/2007",675.2
"2255","3/14/2007",670.62
"2256","3/15/2007",674.31
"2257","3/16/2007",671.05
"2258","3/19/2007",669.14
"2259","3/20/2007",671.76
"2260","3/21/2007",669.56
"2261","3/22/2007",674.84
"2262","3/23/2007",677.79
"2263","3/26/2007",679.04
"2264","3/27/2007",678.57
"2265","3/28/2007",669.04
"2266","3/29/2007",671.62
"2267","3/30/2007",673.71
"2268","4/2/2007",679.62
"2269","4/3/2007",686.53
"2270","4/4/2007",693.54
"2271","4/5/2007",692.47
"2272","4/9/2007",688.55
"2273","4/10/2007",689.48
"2274","4/11/2007",695.1
"2275","4/12/2007",692.46
"2276","4/17/2007",695.03
"2277","4/18/2007",692.27
"2278","4/19/2007",687.23
"2279","4/20/2007",687.53
"2280","4/23/2007",686.18
"2281","4/24/2007",685.48
"2282","4/25/2007",690.3
"2283","4/26/2007",690.79
"2284","4/27/2007",695.11
"2285","4/30/2007",699.16
"2286","5/2/2007",705.47
"2287","5/3/2007",709.91
"2288","5/4/2007",716.44
"2289","5/8/2007",712.87
"2290","5/9/2007",706.29
"2291","5/10/2007",707.19
"2292","5/11/2007",706.9
"2293","5/14/2007",712.18
"2294","5/15/2007",713.27
"2295","5/16/2007",721.66
"2296","5/17/2007",724.37
"2297","5/18/2007",728.76
"2298","5/21/2007",728.22
"2299","5/22/2007",732.77
"2300","5/23/2007",731.22
"2301","5/24/2007",720.72
"2302","5/25/2007",719.14
"2303","5/28/2007",727.93
"2304","5/29/2007",727.79
"2305","5/30/2007",737.4
"2306","6/1/2007",753.93
"2307","6/4/2007",770.61
"2308","6/5/2007",760.59
"2309","6/6/2007",759.42
"2310","6/7/2007",758.83
"2311","6/8/2007",752
"2312","6/11/2007",754.15
"2313","6/12/2007",743.42
"2314","6/13/2007",726.6
"2315","6/14/2007",734.93
"2316","6/15/2007",744.25
"2317","6/18/2007",766.2
"2318","6/19/2007",763.78
"2319","6/20/2007",777.1
"2320","6/21/2007",776.2
"2321","6/22/2007",772.05
"2322","6/25/2007",764.12
"2323","6/26/2007",766.97
"2324","6/27/2007",771
"2325","6/28/2007",777.68
"2326","6/29/2007",776.79
"2327","7/2/2007",792.71
"2328","7/3/2007",813.52
"2329","7/4/2007",825.45
"2330","7/5/2007",823.93
"2331","7/6/2007",832.38
"2332","7/9/2007",844.19
"2333","7/10/2007",858.45
"2334","7/11/2007",846.28
"2335","7/12/2007",843.87
"2336","7/13/2007",859.14
"2337","7/16/2007",857.08
"2338","7/17/2007",856.91
"2339","7/18/2007",849.56
"2340","7/19/2007",847.26
"2341","7/20/2007",850.54
"2342","7/23/2007",862.62
"2343","7/24/2007",880.95
"2344","7/25/2007",883.65
"2345","7/26/2007",884.16
"2346","7/27/2007",863.58
"2347","7/31/2007",859.76
"2348","8/1/2007",833.47
"2349","8/2/2007",830.29
"2350","8/3/2007",837.73
"2351","8/6/2007",815.87
"2352","8/7/2007",814.4
"2353","8/8/2007",831.64
"2354","8/9/2007",811.83
"2355","8/10/2007",804.84
"2356","8/14/2007",793.82
"2357","8/15/2007",773.92
"2358","8/16/2007",750.69
"2359","8/17/2007",758.42
"2360","8/20/2007",792.02
"2361","8/21/2007",764.4
"2362","8/22/2007",784.43
"2363","8/23/2007",791.5
"2364","8/24/2007",790.72
"2365","8/27/2007",791.17
"2366","8/28/2007",788.21
"2367","8/29/2007",792.04
"2368","8/30/2007",791.58
"2369","8/31/2007",813.21
"2370","9/3/2007",820.19
"2371","9/4/2007",810.86
"2372","9/5/2007",814.5
"2373","9/6/2007",809.82
"2374","9/7/2007",801.46
"2375","9/10/2007",796.85
"2376","9/11/2007",801.54
"2377","9/12/2007",802
"2378","9/13/2007",807.1
"2379","9/14/2007",811.95
"2380","9/17/2007",802.65
"2381","9/18/2007",802.54
"2382","9/19/2007",811.79
"2383","9/20/2007",815.43
"2384","9/21/2007",831.51
"2385","9/24/2007",836.51
"2386","9/25/2007",835.18
"2387","9/26/2007",844.4
"2388","9/27/2007",843.05
"2389","9/28/2007",845.5
"2390","10/1/2007",852.47
"2391","10/2/2007",853.43
"2392","10/3/2007",850.58
"2393","10/4/2007",848.95
"2394","10/5/2007",852.33
"2395","10/8/2007",863.16
"2396","10/9/2007",867.59
"2397","10/10/2007",875.1
"2398","10/11/2007",889.06
"2399","10/12/2007",887.02
"2400","10/15/2007",897.1
"2401","10/16/2007",894.53
"2402","10/17/2007",884.53
"2403","10/18/2007",876.75
"2404","10/19/2007",875.83
"2405","10/22/2007",860.09
"2406","10/24/2007",866.03
"2407","10/25/2007",893.45
"2408","10/26/2007",894.57
"2409","10/29/2007",915.03
"2410","10/30/2007",906.66
"2411","10/31/2007",907.28
"2412","11/1/2007",902.73
"2413","11/2/2007",894.34
"2414","11/5/2007",872.86
"2415","11/6/2007",886.31
"2416","11/7/2007",880.27
"2417","11/8/2007",873.64
"2418","11/9/2007",874.64
"2419","11/12/2007",861.93
"2420","11/13/2007",857.66
"2421","11/14/2007",861.51
"2422","11/15/2007",855.52
"2423","11/16/2007",849.07
"2424","11/19/2007",831.14
"2425","11/20/2007",830.05
"2426","11/21/2007",807.58
"2427","11/22/2007",808.82
"2428","11/23/2007",824.25
"2429","11/26/2007",832.78
"2430","11/27/2007",822.99
"2431","11/28/2007",820.52
"2432","11/29/2007",844.8
"2433","11/30/2007",846.44
"2434","12/3/2007",831.12
"2435","12/4/2007",833.34
"2436","12/6/2007",845.19
"2437","12/7/2007",841.39
"2438","12/11/2007",840.45
"2439","12/12/2007",834.09
"2440","12/13/2007",833.09
"2441","12/14/2007",836.4
"2442","12/17/2007",817.62
"2443","12/18/2007",813.9
"2444","12/19/2007",804.98
"2445","12/20/2007",791.71
"2446","12/21/2007",813.6
"2447","12/25/2007",843.28
"2448","12/26/2007",841.2
"2449","12/27/2007",852.06
"2450","12/28/2007",858.1
"2451","1/2/2008",842.97
"2452","1/3/2008",832.63
"2453","1/4/2008",821.71
"2454","1/7/2008",808.31
"2455","1/8/2008",811.69
"2456","1/9/2008",820.47
"2457","1/10/2008",800.18
"2458","1/11/2008",796.47
"2459","1/14/2008",791.15
"2460","1/15/2008",779.79
"2461","1/16/2008",773.8
"2462","1/17/2008",791.25
"2463","1/18/2008",789.67
"2464","1/21/2008",766.53
"2465","1/22/2008",741.54
"2466","1/23/2008",740.65
"2467","1/24/2008",728.58
"2468","1/25/2008",759.72
"2469","1/28/2008",744.36
"2470","1/29/2008",754.87
"2471","1/30/2008",763.48
"2472","1/31/2008",784.23
"2473","2/1/2008",810.86
"2474","2/4/2008",811.56
"2475","2/5/2008",807.68
"2476","2/6/2008",794.63
"2477","2/7/2008",793.17
"2478","2/8/2008",806.44
"2479","2/11/2008",804.15
"2480","2/12/2008",817.49
"2481","2/13/2008",829.41
"2482","2/14/2008",832.11
"2483","2/15/2008",826.65
"2484","2/18/2008",824.99
"2485","2/19/2008",835.62
"2486","2/20/2008",827.13
"2487","2/22/2008",826.86
"2488","2/25/2008",838.74
"2489","2/26/2008",834.67
"2490","2/27/2008",832.04
"2491","2/28/2008",842.12
"2492","2/29/2008",845.76
"2493","3/3/2008",842.92
"2494","3/4/2008",831.41
"2495","3/5/2008",824.98
"2496","3/6/2008",827.71
"2497","3/7/2008",821.57
"2498","3/10/2008",806.65
"2499","3/11/2008",819.83
"2500","3/12/2008",827
"2501","3/13/2008",814.31
"2502","3/14/2008",818.04
"2503","3/17/2008",806.74
"2504","3/18/2008",812.32
"2505","3/19/2008",807.67
"2506","3/20/2008",798.11
"2507","3/21/2008",803.32
"2508","3/24/2008",807.28
"2509","3/25/2008",820.31
"2510","3/26/2008",817.57
"2511","3/27/2008",822.96
"2512","3/28/2008",825.17
"2513","3/31/2008",817.03
"2514","4/1/2008",823.36
"2515","4/2/2008",825.71
"2516","4/3/2008",826.68
"2517","4/4/2008",824.8
"2518","4/8/2008",826.85
"2519","4/9/2008",826.19
"2520","4/10/2008",820.98
"2521","4/11/2008",827.1
"2522","4/16/2008",833.38
"2523","4/17/2008",845.43
"2524","4/18/2008",845.4
"2525","4/21/2008",841.98
"2526","4/22/2008",850.02
"2527","4/23/2008",837.66
"2528","4/24/2008",834.31
"2529","4/25/2008",832.19
"2530","4/28/2008",836.42
"2531","4/29/2008",833.63
"2532","4/30/2008",832.45
"2533","5/2/2008",843.15
"2534","5/6/2008",845.83
"2535","5/7/2008",848.71
"2536","5/8/2008",850.17
"2537","5/9/2008",846.71
"2538","5/12/2008",842.22
"2539","5/13/2008",839.28
"2540","5/14/2008",848.94
"2541","5/15/2008",855.61
"2542","5/16/2008",870.33
"2543","5/20/2008",873.82
"2544","5/21/2008",884.19
"2545","5/22/2008",874.54
"2546","5/23/2008",875.59
"2547","5/26/2008",856.8
"2548","5/27/2008",855.6
"2549","5/28/2008",832.99
"2550","5/29/2008",830.61
"2551","5/30/2008",833.65
"2552","6/2/2008",810.22
"2553","6/3/2008",806.86
"2554","6/4/2008",808.92
"2555","6/5/2008",809.82
"2556","6/6/2008",817.33
"2557","6/9/2008",805.58
"2558","6/10/2008",791.94
"2559","6/11/2008",791.66
"2560","6/12/2008",790.8
"2561","6/13/2008",782.64
"2562","6/16/2008",787.59
"2563","6/17/2008",777.17
"2564","6/18/2008",765.74
"2565","6/19/2008",742.46
"2566","6/20/2008",768.9
"2567","6/23/2008",768.9
"2568","6/24/2008",763.75
"2569","6/25/2008",778.42
"2570","6/26/2008",774.39
"2571","6/27/2008",775.73
"2572","6/30/2008",768.59
"2573","7/2/2008",760.01
"2574","7/3/2008",742.15
"2575","7/4/2008",743.03
"2576","7/7/2008",730.56
"2577","7/8/2008",722.5
"2578","7/9/2008",721.13
"2579","7/10/2008",721.86
"2580","7/11/2008",730.29
"2581","7/14/2008",717.06
"2582","7/15/2008",693.41
"2583","7/16/2008",669.97
"2584","7/18/2008",664.52
"2585","7/21/2008",687.3
"2586","7/22/2008",682.15
"2587","7/23/2008",694.14
"2588","7/24/2008",691.48
"2589","7/25/2008",685.47
"2590","7/28/2008",685.53
"2591","7/29/2008",676.73
"2592","7/30/2008",669.9
"2593","7/31/2008",676.32
"2594","8/1/2008",678.66
"2595","8/4/2008",674.67
"2596","8/5/2008",667.12
"2597","8/6/2008",676.35
"2598","8/7/2008",705.35
"2599","8/8/2008",690.7
"2600","8/11/2008",702.93
"2601","8/13/2008",701.6
"2602","8/14/2008",705.6
"2603","8/15/2008",707.48
"2604","8/18/2008",697.23
"2605","8/19/2008",691.33
"2606","8/20/2008",690.05
"2607","8/21/2008",676.53
"2608","8/22/2008",681.93
"2609","8/25/2008",678.2
"2610","8/26/2008",668.92
"2611","8/27/2008",675.99
"2612","8/28/2008",682.83
"2613","8/29/2008",684.44
"2614","9/1/2008",675.22
"2615","9/2/2008",659.51
"2616","9/3/2008",649.93
"2617","9/4/2008",654.85
"2618","9/5/2008",645.8
"2619","9/8/2008",665.66
"2620","9/9/2008",663.61
"2621","9/10/2008",655.54
"2622","9/11/2008",646.8
"2623","9/12/2008",654.34
"2624","9/15/2008",642.39
"2625","9/16/2008",624.56
"2626","9/17/2008",605.14
"2627","9/18/2008",600.38
"2628","9/19/2008",624.83
"2629","9/22/2008",614.49
"2630","9/23/2008",608.25
"2631","9/24/2008",620.43
"2632","9/25/2008",621.14
"2633","9/26/2008",618.97
"2634","9/29/2008",601.29
"2635","9/30/2008",596.54
"2636","10/1/2008",594.45
"2637","10/2/2008",597.69
"2638","10/3/2008",590.05
"2639","10/6/2008",551.8
"2640","10/7/2008",528.71
"2641","10/8/2008",492.34
"2642","10/9/2008",499.99
"2643","10/10/2008",451.96
"2644","10/13/2008",476.33
"2645","10/14/2008",500.77
"2646","10/15/2008",481.5
"2647","10/16/2008",477.73
"2648","10/17/2008",471.31
"2649","10/20/2008",476.95
"2650","10/21/2008",478.79
"2651","10/22/2008",465.24
"2652","10/24/2008",432.87
"2653","10/27/2008",387.43
"2654","10/28/2008",398.04
"2655","10/29/2008",384.15
"2656","10/30/2008",408.31
"2657","10/31/2008",416.53
"2658","11/3/2008",449.19
"2659","11/4/2008",457.62
"2660","11/5/2008",457.36
"2661","11/6/2008",462.93
"2662","11/7/2008",463.81
"2663","11/10/2008",456.44
"2664","11/11/2008",442.31
"2665","11/12/2008",435.7
"2666","11/13/2008",433.47
"2667","11/14/2008",429.97
"2668","11/17/2008",434.21
"2669","11/18/2008",419.97
"2670","11/19/2008",408.51
"2671","11/20/2008",393.85
"2672","11/21/2008",397.51
"2673","11/24/2008",386.12
"2674","11/25/2008",391.85
"2675","11/26/2008",395.22
"2676","11/27/2008",389.81
"2677","11/28/2008",401.84
"2678","12/1/2008",390.92
"2679","12/2/2008",387.32
"2680","12/3/2008",392.92
"2681","12/4/2008",392.87
"2682","12/8/2008",410.58
"2683","12/9/2008",423.79
"2684","12/11/2008",424.61
"2685","12/12/2008",424.79
"2686","12/15/2008",437.06
"2687","12/16/2008",445.31
"2688","12/17/2008",445.94
"2689","12/18/2008",451.72
"2690","12/19/2008",447.01
"2691","12/22/2008",434.08
"2692","12/23/2008",440.4
"2693","12/24/2008",439.17
"2694","12/25/2008",444.64
"2695","12/26/2008",446.62
"2696","12/29/2008",446.7
"2697","12/30/2008",449.96
"2698","1/5/2009",478.69
"2699","1/6/2009",473.15
"2700","1/7/2009",462.96
"2701","1/8/2009",465.03
"2702","1/9/2009",459.06
"2703","1/12/2009",452.8
"2704","1/13/2009",433.81
"2705","1/14/2009",439.51
"2706","1/15/2009",426.26
"2707","1/16/2009",435.2
"2708","1/19/2009",435.71
"2709","1/20/2009",433.19
"2710","1/21/2009",431.23
"2711","1/22/2009",438.27
"2712","1/23/2009",433.52
"2713","1/26/2009",436.73
"2714","1/27/2009",444.79
"2715","1/28/2009",448.35
"2716","1/29/2009",435
"2717","1/30/2009",437.69
"2718","2/2/2009",427.85
"2719","2/3/2009",430.69
"2720","2/4/2009",433.04
"2721","2/5/2009",433.44
"2722","2/6/2009",444.39
"2723","2/10/2009",443.17
"2724","2/11/2009",444.1
"2725","2/12/2009",440.63
"2726","2/13/2009",445.77
"2727","2/16/2009",446.64
"2728","2/17/2009",438.22
"2729","2/18/2009",439.6
"2730","2/19/2009",441.62
"2731","2/20/2009",434.67
"2732","2/23/2009",434.99
"2733","2/24/2009",431.32
"2734","2/25/2009",434.24
"2735","2/26/2009",431.94
"2736","2/27/2009",431.52
"2737","3/2/2009",416.52
"2738","3/3/2009",413.09
"2739","3/4/2009",417.86
"2740","3/5/2009",417.11
"2741","3/6/2009",419.51
"2742","3/9/2009",411.27
"2743","3/10/2009",417.41
"2744","3/11/2009",414.41
"2745","3/12/2009",415.04
"2746","3/13/2009",424.79
"2747","3/16/2009",424.61
"2748","3/17/2009",422.32
"2749","3/18/2009",426.2
"2750","3/19/2009",427.72
"2751","3/20/2009",429.64
"2752","3/23/2009",438.17
"2753","3/24/2009",438.16
"2754","3/25/2009",436.92
"2755","3/26/2009",439.4
"2756","3/27/2009",440.81
"2757","3/30/2009",429.6
"2758","3/31/2009",431.5
"2759","4/1/2009",430.09
"2760","4/2/2009",442.96
"2761","4/3/2009",446.04
"2762","4/7/2009",442.56
"2763","4/8/2009",443.57
"2764","4/9/2009",444.07
"2765","4/10/2009",453.88
"2766","4/16/2009",452.97
"2767","4/17/2009",456.8
"2768","4/20/2009",466.28
"2769","4/21/2009",466.38
"2770","4/22/2009",460.62
"2771","4/23/2009",466.06
"2772","4/24/2009",474.07
"2773","4/27/2009",474.99
"2774","4/28/2009",472.72
"2775","4/29/2009",483.5
"2776","4/30/2009",491.69
"2777","5/4/2009",506.26
"2778","5/6/2009",523.15
"2779","5/7/2009",527.72
"2780","5/11/2009",535.18
"2781","5/12/2009",544.54
"2782","5/13/2009",552.71
"2783","5/14/2009",526.55
"2784","5/15/2009",533.92
"2785","5/18/2009",540.22
"2786","5/19/2009",556.47
"2787","5/20/2009",561.41
"2788","5/21/2009",548.77
"2789","5/22/2009",554.02
"2790","5/25/2009",550.51
"2791","5/26/2009",542.69
"2792","5/27/2009",555.41
"2793","5/28/2009",555.43
"2794","5/29/2009",560.41
"2795","6/1/2009",579.98
"2796","6/2/2009",574.3
"2797","6/3/2009",582.25
"2798","6/4/2009",593.6
"2799","6/5/2009",604.57
"2800","6/8/2009",600.03
"2801","6/9/2009",607.73
"2802","6/10/2009",624.55
"2803","6/11/2009",627.07
"2804","6/12/2009",628.55
"2805","6/15/2009",611.92
"2806","6/16/2009",596.54
"2807","6/17/2009",586.14
"2808","6/18/2009",570.43
"2809","6/19/2009",588.98
"2810","6/22/2009",582.29
"2811","6/23/2009",569.85
"2812","6/24/2009",581.43
"2813","6/25/2009",590.6
"2814","6/26/2009",595.8
"2815","6/29/2009",601.6
"2816","6/30/2009",597.48
"2817","7/2/2009",586.42
"2818","7/3/2009",583.48
"2819","7/8/2009",575.87
"2820","7/9/2009",581.99
"2821","7/10/2009",566.03
"2822","7/13/2009",562.55
"2823","7/14/2009",577.75
"2824","7/15/2009",587.86
"2825","7/16/2009",582.74
"2826","7/17/2009",596.11
"2827","7/20/2009",613.67
"2828","7/21/2009",609.83
"2829","7/22/2009",598.22
"2830","7/23/2009",612.19
"2831","7/24/2009",614.24
"2832","7/27/2009",617.83
"2833","7/28/2009",621.96
"2834","7/29/2009",614.88
"2835","7/30/2009",621.95
"2836","7/31/2009",624
"2837","8/3/2009",641.43
"2838","8/4/2009",641.23
"2839","8/5/2009",640.16
"2840","8/6/2009",649.21
"2841","8/7/2009",644.2
"2842","8/10/2009",643.75
"2843","8/11/2009",643.02
"2844","8/13/2009",655.68
"2845","8/14/2009",654.25
"2846","8/17/2009",632.05
"2847","8/18/2009",640.25
"2848","8/19/2009",631.28
"2849","8/20/2009",640.98
"2850","8/21/2009",644.63
"2851","8/24/2009",653.2
"2852","8/25/2009",655.46
"2853","8/26/2009",658.28
"2854","8/27/2009",652.4
"2855","8/28/2009",656.98
"2856","8/31/2009",653.25
"2857","9/1/2009",654.12
"2858","9/2/2009",654.12
"2859","9/3/2009",665.54
"2860","9/4/2009",668.41
"2861","9/7/2009",682.57
"2862","9/8/2009",691.73
"2863","9/9/2009",695.59
"2864","9/10/2009",703.09
"2865","9/11/2009",707.81
"2866","9/14/2009",694.32
"2867","9/15/2009",703.16
"2868","9/16/2009",710.25
"2869","9/17/2009",709.23
"2870","9/18/2009",713.67
"2871","9/21/2009",713.16
"2872","9/22/2009",724.37
"2873","9/23/2009",730.52
"2874","9/24/2009",728.54
"2875","9/25/2009",721.57
"2876","9/28/2009",708.88
"2877","9/29/2009",715.29
"2878","9/30/2009",717.07
"2879","10/1/2009",726.91
"2880","10/2/2009",724.56
"2881","10/5/2009",718.47
"2882","10/6/2009",731.39
"2883","10/7/2009",741.92
"2884","10/8/2009",744.03
"2885","10/9/2009",746.87
"2886","10/12/2009",751.86
"2887","10/13/2009",746.67
"2888","10/14/2009",731.47
"2889","10/15/2009",692.72
"2890","10/16/2009",717.12
"2891","10/19/2009",731.61
"2892","10/20/2009",725.6
"2893","10/21/2009",716.35
"2894","10/22/2009",708.76
"2895","10/26/2009",711.83
"2896","10/27/2009",714.54
"2897","10/28/2009",703.95
"2898","10/29/2009",690.1
"2899","10/30/2009",685.24
"2900","11/2/2009",677.22
"2901","11/3/2009",668.48
"2902","11/4/2009",686.41
"2903","11/5/2009",681.91
"2904","11/6/2009",698.63
"2905","11/9/2009",713.48
"2906","11/10/2009",708.2
"2907","11/11/2009",717.9
"2908","11/12/2009",696.72
"2909","11/13/2009",698.33
"2910","11/16/2009",706.75
"2911","11/17/2009",706.55
"2912","11/18/2009",707.26
"2913","11/19/2009",700.42
"2914","11/20/2009",695.25
"2915","11/23/2009",690.41
"2916","11/24/2009",676.22
"2917","11/25/2009",695.69
"2918","11/26/2009",685.73
"2919","11/27/2009",680.37
"2920","11/30/2009",689.07
"2921","12/1/2009",710.01
"2922","12/2/2009",693.51
"2923","12/3/2009",706.84
"2924","12/4/2009",701.58
"2925","12/8/2009",698.82
"2926","12/9/2009",694.71
"2927","12/11/2009",703.64
"2928","12/14/2009",709.74
"2929","12/15/2009",709.64
"2930","12/16/2009",716.01
"2931","12/17/2009",715.81
"2932","12/18/2009",715.68
"2933","12/21/2009",715.17
"2934","12/22/2009",724.4
"2935","12/23/2009",729.8
"2936","12/24/2009",727.21
"2937","12/25/2009",730.41
"2938","12/28/2009",733.71
"2939","12/29/2009",742.16
"2940","12/30/2009",734.54
"2941","1/4/2010",732.28
"2942","1/5/2010",732.11
"2943","1/6/2010",735.73
"2944","1/7/2010",734.63
"2945","1/8/2010",738.96
"2946","1/11/2010",746.95
"2947","1/12/2010",745.24
"2948","1/13/2010",746.74
"2949","1/14/2010",749.42
"2950","1/15/2010",746.52
"2951","1/18/2010",746.89
"2952","1/19/2010",736.48
"2953","1/20/2010",731.8
"2954","1/21/2010",718.99
"2955","1/22/2010",714.1
"2956","1/25/2010",710.39
"2957","1/26/2010",701.66
"2958","1/27/2010",690.46
"2959","1/28/2010",689.72
"2960","1/29/2010",696.55
"2961","2/1/2010",697.61
"2962","2/2/2010",694.07
"2963","2/3/2010",707.65
"2964","2/4/2010",702.52
"2965","2/5/2010",691.41
"2966","2/8/2010",688.09
"2967","2/9/2010",685.89
"2968","2/10/2010",688.41
"2969","2/11/2010",695.41
"2970","2/12/2010",698.03
"2971","2/15/2010",689.09
"2972","2/16/2010",692.73
"2973","2/17/2010",697.49
"2974","2/18/2010",695.66
"2975","2/19/2010",700.44
"2976","2/22/2010",705.8
"2977","2/23/2010",715.58
"2978","2/24/2010",715.18
"2979","2/25/2010",717.1
"2980","2/26/2010",721.37
"2981","3/2/2010",733.19
"2982","3/3/2010",735.04
"2983","3/4/2010",730.82
"2984","3/5/2010",723.96
"2985","3/8/2010",720.29
"2986","3/9/2010",718.77
"2987","3/10/2010",720.84
"2988","3/11/2010",720.84
"2989","3/12/2010",733.34
"2990","3/15/2010",734.83
"2991","3/16/2010",752.2
"2992","3/17/2010",765.54
"2993","3/18/2010",759.02
"2994","3/19/2010",774.59
"2995","3/22/2010",772.25
"2996","3/23/2010",782.48
"2997","3/24/2010",786.54
"2998","3/25/2010",784.38
"2999","3/26/2010",778.86
"3000","3/29/2010",771.4
"3001","3/30/2010",788.8
"3002","3/31/2010",787.98
"3003","4/1/2010",801.32
"3004","4/2/2010",801.15
"3005","4/5/2010",808.15
"3006","4/7/2010",812.63
"3007","4/8/2010",783.93
"3008","4/9/2010",789.66
"3009","4/12/2010",760.9
"3010","4/16/2010",736.16
"3011","4/19/2010",726.29
"3012","4/20/2010",765.76
"3013","4/21/2010",757.85
"3014","4/22/2010",761.18
"3015","4/23/2010",754.58
"3016","4/26/2010",764.34
"3017","4/27/2010",762
"3018","4/28/2010",749.49
"3019","4/29/2010",753.2
"3020","4/30/2010",763.51
"3021","5/4/2010",796.86
"3022","5/6/2010",785.25
"3023","5/7/2010",768.55
"3024","5/10/2010",779.06
"3025","5/11/2010",772.09
"3026","5/12/2010",773.72
"3027","5/13/2010",766.55
"3028","5/14/2010",768.79
"3029","5/17/2010",753.26
"3030","5/18/2010",760.11
"3031","5/19/2010",765.54
"3032","5/24/2010",744.31
"3033","5/25/2010",721.29
"3034","5/26/2010",728.94
"3035","5/27/2010",737.28
"3036","5/31/2010",750.43
"3037","6/1/2010",740.92
"3038","6/2/2010",749.68
"3039","6/3/2010",765.96
"3040","6/4/2010",771.48
"3041","6/7/2010",759.85
"3042","6/8/2010",757.41
"3043","6/9/2010",764.21
"3044","6/10/2010",768.16
"3045","6/11/2010",769.55
"3046","6/14/2010",781.13
"3047","6/15/2010",780.37
"3048","6/16/2010",786.64
"3049","6/17/2010",789.34
"3050","6/18/2010",791.85
"3051","6/21/2010",806.07
"3052","6/22/2010",804.13
"3053","6/23/2010",806.52
"3054","6/24/2010",793.19
"3055","6/25/2010",793.67
"3056","6/28/2010",804.4
"3057","6/29/2010",799.09
"3058","6/30/2010",797.31
"3059","7/2/2010",802.57
"3060","7/5/2010",804.03
"3061","7/6/2010",815.52
"3062","7/7/2010",814.68
"3063","7/8/2010",817.57
"3064","7/9/2010",820.6
"3065","7/12/2010",819.61
"3066","7/13/2010",817.35
"3067","7/14/2010",819.54
"3068","7/15/2010",821.02
"3069","7/16/2010",827.54
"3070","7/19/2010",830.4
"3071","7/20/2010",824.41
"3072","7/21/2010",830.93
"3073","7/22/2010",833.01
"3074","7/23/2010",840.24
"3075","7/27/2010",853.68
"3076","7/28/2010",853.78
"3077","7/29/2010",854.59
"3078","7/30/2010",855.83
"3079","8/2/2010",863.18
"3080","8/3/2010",864.48
"3081","8/4/2010",867.34
"3082","8/5/2010",874.92
"3083","8/6/2010",875.07
"3084","8/9/2010",875.18
"3085","8/10/2010",861.95
"3086","8/11/2010",862.16
"3087","8/16/2010",860.55
"3088","8/17/2010",865.78
"3089","8/18/2010",880.02
"3090","8/19/2010",891.23
"3091","8/20/2010",893.92
"3092","8/23/2010",894.78
"3093","8/24/2010",890.45
"3094","8/25/2010",884.51
"3095","8/26/2010",886.1
"3096","8/27/2010",900.37
"3097","8/30/2010",909.65
"3098","8/31/2010",913.19
"3099","9/1/2010",919.34
"3100","9/2/2010",920.54
"3101","9/3/2010",929.9
"3102","9/6/2010",931.52
"3103","9/7/2010",923.89
"3104","9/8/2010",923.88
"3105","9/9/2010",921.49
"3106","9/10/2010",924.57
"3107","9/13/2010",937.04
"3108","9/14/2010",921.39
"3109","9/15/2010",921.1
"3110","9/16/2010",924.81
"3111","9/17/2010",923.57
"3112","9/20/2010",923.06
"3113","9/21/2010",937.21
"3114","9/22/2010",945
"3115","9/23/2010",947.1
"3116","9/24/2010",951.9
"3117","9/27/2010",962.47
"3118","9/28/2010",959.27
"3119","9/29/2010",969.65
"3120","9/30/2010",975.3
"3121","10/1/2010",978.58
"3122","10/4/2010",964.22
"3123","10/5/2010",969.28
"3124","10/6/2010",979
"3125","10/7/2010",970.9
"3126","10/8/2010",963.19
"3127","10/11/2010",977.85
"3128","10/12/2010",977.08
"3129","10/13/2010",992.6
"3130","10/14/2010",993.72
"3131","10/15/2010",997.15
"3132","10/18/2010",984.03
"3133","10/19/2010",989.27
"3134","10/20/2010",988.11
"3135","10/21/2010",988.8
"3136","10/22/2010",992.24
"3137","10/26/2010",996.04
"3138","10/27/2010",983.96
"3139","10/28/2010",987.23
"3140","10/29/2010",984.46
"3141","11/1/2010",1003.24
"3142","11/2/2010",1005.58
"3143","11/3/2010",1014.2
"3144","11/4/2010",1031.61
"3145","11/5/2010",1040.45
"3146","11/8/2010",1049.79
"3147","11/9/2010",1047.55
"3148","11/10/2010",1042.28
"3149","11/11/2010",1029.86
"3150","11/12/2010",1018.86
"3151","11/15/2010",1029.14
"3152","11/16/2010",1000.73
"3153","11/17/2010",990.13
"3154","11/18/2010",1004.72
"3155","11/19/2010",1008.77
"3156","11/22/2010",1019.19
"3157","11/23/2010",1009.47
"3158","11/24/2010",1005.97
"3159","11/25/2010",996.42
"3160","11/26/2010",991.71
"3161","11/29/2010",1009
"3162","11/30/2010",1005.12
"3163","12/1/2010",1017.64
"3164","12/2/2010",1031.97
"3165","12/3/2010",1034.06
"3166","12/7/2010",1040.72
"3167","12/8/2010",1025.08
"3168","12/9/2010",1035.85
"3169","12/13/2010",1033.32
"3170","12/14/2010",1037.41
"3171","12/15/2010",1035.47
"3172","12/16/2010",1029.6
"3173","12/17/2010",1022.46
"3174","12/20/2010",1006.51
"3175","12/21/2010",1013.19
"3176","12/22/2010",1019.14
"3177","12/23/2010",1021.27
"3178","12/24/2010",1021.99
"3179","12/27/2010",1019.46
"3180","12/28/2010",1028.33
"3181","12/29/2010",1034.59
"3182","12/30/2010",1032.76
"3183","1/4/2011",1042.41
"3184","1/5/2011",1050.78
"3185","1/6/2011",1050.98
"3186","1/7/2011",1036.45
"3187","1/10/2011",1018.03
"3188","1/11/2011",1013.39
"3189","1/12/2011",1019.51
"3190","1/13/2011",1035.08
"3191","1/14/2011",1032.26
"3192","1/17/2011",1023.19
"3193","1/18/2011",1024.54
"3194","1/19/2011",1034.8
"3195","1/20/2011",1022.16
"3196","1/21/2011",1006.57
"3197","1/24/2011",963.68
"3198","1/25/2011",959.17
"3199","1/26/2011",978.07
"3200","1/27/2011",986.71
"3201","1/28/2011",981.83
"3202","1/31/2011",964.1
"3203","2/1/2011",959.69
"3204","2/2/2011",977.84
"3205","2/3/2011",980.6
"3206","2/4/2011",984.78
"3207","2/7/2011",985.63
"3208","2/8/2011",983.53
"3209","2/9/2011",969.89
"3210","2/10/2011",949.09
"3211","2/11/2011",949.57
"3212","2/14/2011",967.07
"3213","2/15/2011",968.49
"3214","2/16/2011",982.07
"3215","2/17/2011",995.57
"3216","2/21/2011",995.67
"3217","2/22/2011",987.21
"3218","2/23/2011",990.91
"3219","2/24/2011",977.22
"3220","2/25/2011",985.91
"3221","2/28/2011",987.91
"3222","3/1/2011",994.48
"3223","3/2/2011",987.59
"3224","3/3/2011",990.08
"3225","3/4/2011",995.91
"3226","3/7/2011",1002.94
"3227","3/8/2011",1018.57
"3228","3/9/2011",1017.01
"3229","3/10/2011",1019.22
"3230","3/11/2011",1007.06
"3231","3/14/2011",1022.89
"3232","3/15/2011",1003.1
"3233","3/16/2011",1008.13
"3234","3/17/2011",1002.35
"3235","3/18/2011",1003.29
"3236","3/21/2011",1019.93
"3237","3/22/2011",1019.14
"3238","3/23/2011",1027.54
"3239","3/24/2011",1034.39
"3240","3/25/2011",1037.73
"3241","3/28/2011",1032.94
"3242","3/29/2011",1036.36
"3243","3/30/2011",1050.67
"3244","3/31/2011",1047.48
"3245","4/1/2011",1064.35
"3246","4/4/2011",1078.66
"3247","4/5/2011",1076.13
"3248","4/7/2011",1089.21
"3249","4/8/2011",1082.69
"3250","4/11/2011",1076.33
"3251","4/12/2011",1084.91
"3252","4/18/2011",1090.67
"3253","4/19/2011",1095.88
"3254","4/20/2011",1107.36
"3255","4/21/2011",1109.92
"3256","4/22/2011",1105.29
"3257","4/25/2011",1105.43
"3258","4/26/2011",1096.95
"3259","4/27/2011",1101.35
"3260","4/28/2011",1092.31
"3261","4/29/2011",1093.56
"3262","5/3/2011",1070.43
"3263","5/4/2011",1073.87
"3264","5/6/2011",1050.85
"3265","5/9/2011",1072.47
"3266","5/10/2011",1085.56
"3267","5/11/2011",1100.48
"3268","5/12/2011",1086.27
"3269","5/13/2011",1084.96
"3270","5/18/2011",1075.91
"3271","5/19/2011",1077.5
"3272","5/20/2011",1072.94
"3273","5/23/2011",1053.97
"3274","5/24/2011",1064.24
"3275","5/25/2011",1055.54
"3276","5/26/2011",1065.45
"3277","5/27/2011",1067
"3278","5/30/2011",1076.5
"3279","5/31/2011",1073.83
"3280","6/1/2011",1065.63
"3281","6/2/2011",1059.81
"3282","6/3/2011",1057.86
"3283","6/6/2011",1046.16
"3284","6/7/2011",1034.75
"3285","6/8/2011",1014.58
"3286","6/9/2011",1016.85
"3287","6/10/2011",1020.37
"3288","6/13/2011",1015.53
"3289","6/14/2011",1034.92
"3290","6/15/2011",1030.31
"3291","6/16/2011",1019.55
"3292","6/17/2011",1018.96
"3293","6/20/2011",1013.09
"3294","6/21/2011",1027.72
"3295","6/22/2011",1023.86
"3296","6/23/2011",1014.13
"3297","6/24/2011",1022.94
"3298","6/27/2011",1010.32
"3299","6/28/2011",1013.5
"3300","6/29/2011",1033.26
"3301","6/30/2011",1041.48
"3302","7/4/2011",1090.28
"3303","7/5/2011",1084.59
"3304","7/6/2011",1072.68
"3305","7/7/2011",1083.08
"3306","7/8/2011",1088.46
"3307","7/11/2011",1077.24
"3308","7/12/2011",1062.39
"3309","7/13/2011",1077.4
"3310","7/14/2011",1079.91
"3311","7/18/2011",1083.94
"3312","7/19/2011",1096.77
"3313","7/20/2011",1101.37
"3314","7/21/2011",1104.15
"3315","7/22/2011",1121.04
"3316","7/25/2011",1127.58
"3317","7/26/2011",1121.63
"3318","7/27/2011",1130.71
"3319","7/28/2011",1134.38
"3320","7/29/2011",1133.53
"3321","8/1/2011",1144.14
"3322","8/2/2011",1139.61
"3323","8/3/2011",1133.46
"3324","8/4/2011",1124.01
"3325","8/5/2011",1093.38
"3326","8/8/2011",1078.19
"3327","8/9/2011",1042.54
"3328","8/10/2011",1060.21
"3329","8/11/2011",1062.07
"3330","8/15/2011",1086.32
"3331","8/16/2011",1077.02
"3332","8/17/2011",1093.51
"3333","8/18/2011",1089.09
"3334","8/19/2011",1069.2
"3335","8/22/2011",1067.84
"3336","8/23/2011",1057.28
"3337","8/24/2011",1046.43
"3338","8/25/2011",1025
"3339","8/26/2011",1037.22
"3340","8/29/2011",1055.63
"3341","8/30/2011",1044.97
"3342","8/31/2011",1070.05
"3343","9/1/2011",1069.13
"3344","9/2/2011",1065.18
"3345","9/5/2011",1049.23
"3346","9/6/2011",1055.6
"3347","9/7/2011",1068.72
"3348","9/8/2011",1072.21
"3349","9/9/2011",1062.37
"3350","9/12/2011",1040.83
"3351","9/13/2011",1031.67
"3352","9/14/2011",1022.96
"3353","9/15/2011",1036.21
"3354","9/16/2011",1033.34
"3355","9/19/2011",1017.19
"3356","9/20/2011",1026.28
"3357","9/21/2011",1029.59
"3358","9/22/2011",990.59
"3359","9/23/2011",958.16
"3360","9/26/2011",904.06
"3361","9/27/2011",946.62
"3362","9/28/2011",931.6
"3363","9/29/2011",926.21
"3364","9/30/2011",916.21
"3365","10/3/2011",869.31
"3366","10/4/2011",855.45
"3367","10/5/2011",862.65
"3368","10/6/2011",913.72
"3369","10/7/2011",909.17
"3370","10/10/2011",923.17
"3371","10/11/2011",944.8
"3372","10/12/2011",952.77
"3373","10/13/2011",936.82
"3374","10/14/2011",955.81
"3375","10/17/2011",971.63
"3376","10/18/2011",952.75
"3377","10/19/2011",938.19
"3378","10/20/2011",909.1
"3379","10/21/2011",916.34
"3380","10/25/2011",942.55
"3381","10/26/2011",938.68
"3382","10/27/2011",960.17
"3383","10/28/2011",973.18
"3384","10/31/2011",974.75
"3385","11/1/2011",956.59
"3386","11/2/2011",965.8
"3387","11/3/2011",957.56
"3388","11/4/2011",957.31
"3389","11/7/2011",956.02
"3390","11/8/2011",983.44
"3391","11/9/2011",967.84
"3392","11/10/2011",968.3
"3393","11/11/2011",970.97
"3394","11/14/2011",984.28
"3395","11/15/2011",984.97
"3396","11/16/2011",997.11
"3397","11/17/2011",993.38
"3398","11/18/2011",984.16
"3399","11/21/2011",965.07
"3400","11/22/2011",977.36
"3401","11/23/2011",976.87
"3402","11/24/2011",980.5
"3403","11/25/2011",967.18
"3404","11/28/2011",984.18
"3405","11/29/2011",988.06
"3406","11/30/2011",995.33
"3407","12/1/2011",1019.15
"3408","12/2/2011",1029.37
"3409","12/6/2011",1030.77
"3410","12/7/2011",1046.73
"3411","12/8/2011",1043.24
"3412","12/9/2011",1034
"3413","12/13/2011",1030.61
"3414","12/14/2011",1023.48
"3415","12/15/2011",1024.16
"3416","12/16/2011",1034.06
"3417","12/19/2011",1033.55
"3418","12/20/2011",1033.29
"3419","12/21/2011",1043.75
"3420","12/22/2011",1042.52
"3421","12/23/2011",1037.37
"3422","12/26/2011",1032.51
"3423","12/27/2011",1028.38
"3424","12/28/2011",1028.19
"3425","12/29/2011",1023.91
"3426","12/30/2011",1025.32
"3427","1/4/2012",1036.21
"3428","1/5/2012",1036.8
"3429","1/6/2012",1036.26
"3430","1/9/2012",1044.84
"3431","1/10/2012",1053.04
"3432","1/11/2012",1051.63
"3433","1/12/2012",1052.23
"3434","1/13/2012",1044.81
"3435","1/16/2012",1037.01
"3436","1/17/2012",1056.54
"3437","1/18/2012",1051.64
"3438","1/19/2012",1058.94
"3439","1/20/2012",1058.66
"3440","1/23/2012",1062.55
"3441","1/24/2012",1063.08
"3442","1/25/2012",1056.01
"3443","1/26/2012",1068.54
"3444","1/27/2012",1076.29
"3445","1/30/2012",1074.71
"3446","1/31/2012",1083.97
"3447","2/1/2012",1086.36
"3448","2/2/2012",1091.67
"3449","2/3/2012",1098.95
"3450","2/6/2012",1094.01
"3451","2/7/2012",1101.12
"3452","2/8/2012",1116.08
"3453","2/9/2012",1117.17
"3454","2/10/2012",1112.91
"3455","2/13/2012",1117.4
"3456","2/14/2012",1106.41
"3457","2/15/2012",1126.48
"3458","2/16/2012",1120.25
"3459","2/17/2012",1129.93
"3460","2/20/2012",1135.92
"3461","2/21/2012",1140.39
"3462","2/22/2012",1137.82
"3463","2/23/2012",1140.07
"3464","2/24/2012",1146.14
"3465","2/27/2012",1135.04
"3466","2/28/2012",1146.26
"3467","2/29/2012",1160.9
"3468","3/1/2012",1164.98
"3469","3/2/2012",1165.15
"3470","3/5/2012",1157.95
"3471","3/6/2012",1153.16
"3472","3/8/2012",1168.31
"3473","3/9/2012",1158.71
"3474","3/12/2012",1150.18
"3475","3/13/2012",1153.56
"3476","3/14/2012",1164.36
"3477","3/15/2012",1171.34
"3478","3/16/2012",1189.56
"3479","3/19/2012",1189.5
"3480","3/20/2012",1196.6
"3481","3/21/2012",1207.67
"3482","3/22/2012",1191
"3483","3/23/2012",1194.44
"3484","3/26/2012",1188.32
"3485","3/27/2012",1207.29
"3486","3/28/2012",1204.01
"3487","3/29/2012",1203.91
"3488","3/30/2012",1196.77
"3489","4/2/2012",1199.09
"3490","4/3/2012",1211.07
"3491","4/4/2012",1198.09
"3492","4/5/2012",1182.41
"3493","4/10/2012",1165.61
"3494","4/11/2012",1154.49
"3495","4/12/2012",1169.45
"3496","4/17/2012",1160.23
"3497","4/18/2012",1168.05
"3498","4/19/2012",1185.34
"3499","4/20/2012",1194.6
"3500","4/23/2012",1189.35
"3501","4/24/2012",1199.86
"3502","4/25/2012",1201.36
"3503","4/26/2012",1209.27
"3504","4/27/2012",1211.78
"3505","4/30/2012",1228.49
"3506","5/2/2012",1239.06
"3507","5/3/2012",1240.03
"3508","5/4/2012",1227.41
"3509","5/8/2012",1231.04
"3510","5/9/2012",1207.25
"3511","5/10/2012",1190.65
"3512","5/11/2012",1191.01
"3513","5/14/2012",1165.51
"3514","5/15/2012",1184.55
"3515","5/16/2012",1171.23
"3516","5/17/2012",1173.56
"3517","5/18/2012",1154.44
"3518","5/21/2012",1135.16
"3519","5/22/2012",1131.52
"3520","5/23/2012",1110.7
"3521","5/24/2012",1125.78
"3522","5/25/2012",1132.83
"3523","5/28/2012",1139.93
"3524","5/29/2012",1153.66
"3525","5/30/2012",1138.63
"3526","5/31/2012",1141.5
"3527","6/1/2012",1115.19
"3528","6/5/2012",1099.15
"3529","6/6/2012",1117.95
"3530","6/7/2012",1118.53
"3531","6/8/2012",1127.1
"3532","6/11/2012",1158.07
"3533","6/12/2012",1162.93
"3534","6/13/2012",1158.22
"3535","6/14/2012",1153.01
"3536","6/15/2012",1165.73
"3537","6/18/2012",1163.41
"3538","6/19/2012",1173.09
"3539","6/20/2012",1173.24
"3540","6/21/2012",1159.05
"3541","6/22/2012",1152.91
"3542","6/25/2012",1147.43
"3543","6/26/2012",1151.09
"3544","6/27/2012",1165.98
"3545","6/28/2012",1171.32
"3546","6/29/2012",1172.11
"3547","7/2/2012",1188.74
"3548","7/3/2012",1198.07
"3549","7/4/2012",1194.15
"3550","7/5/2012",1201.8
"3551","7/6/2012",1200.08
"3552","7/9/2012",1186.95
"3553","7/10/2012",1204.42
"3554","7/11/2012",1208.67
"3555","7/12/2012",1193.13
"3556","7/13/2012",1210.29
"3557","7/16/2012",1214.25
"3558","7/17/2012",1224.21
"3559","7/18/2012",1220.14
"3560","7/19/2012",1212.96
"3561","7/20/2012",1208.55
"3562","7/23/2012",1185.11
"3563","7/24/2012",1187.64
"3564","7/25/2012",1188.62
"3565","7/26/2012",1172.92
"3566","7/27/2012",1178.01
"3567","7/30/2012",1193.32
"3568","7/31/2012",1199.3
"3569","8/1/2012",1201.13
"3570","8/3/2012",1197.53
"3571","8/6/2012",1208.01
"3572","8/7/2012",1208.19
"3573","8/8/2012",1214.13
"3574","8/9/2012",1217.7
"3575","8/10/2012",1219.37
"3576","8/14/2012",1226.82
"3577","8/15/2012",1226.83
"3578","8/16/2012",1224.4
"3579","8/17/2012",1223.91
"3580","8/20/2012",1229
"3581","8/21/2012",1232.29
"3582","8/22/2012",1234.14
"3583","8/23/2012",1237.64
"3584","8/24/2012",1237.19
"3585","8/27/2012",1233.73
"3586","8/28/2012",1233.16
"3587","8/29/2012",1220.16
"3588","8/30/2012",1214.55
"3589","8/31/2012",1227.48
"3590","9/3/2012",1235.48
"3591","9/4/2012",1236.31
"3592","9/5/2012",1233.84
"3593","9/6/2012",1243.92
"3594","9/7/2012",1246.1
"3595","9/10/2012",1250.93
"3596","9/11/2012",1248.32
"3597","9/12/2012",1259.96
"3598","9/13/2012",1257.69
"3599","9/14/2012",1276.12
"3600","9/17/2012",1278.54
"3601","9/18/2012",1272.86
"3602","9/19/2012",1285.46
"3603","9/20/2012",1282.68
"3604","9/21/2012",1286.26
"3605","9/24/2012",1284.3
"3606","9/25/2012",1287.41
"3607","9/26/2012",1274.5
"3608","9/27/2012",1286.11
"3609","9/28/2012",1298.79
"3610","10/1/2012",1299.71
"3611","10/2/2012",1305.66
"3612","10/3/2012",1307.55
"3613","10/4/2012",1306.63
"3614","10/5/2012",1311.35
"3615","10/8/2012",1304.71
"3616","10/9/2012",1292.48
"3617","10/10/2012",1289.35
"3618","10/11/2012",1294.9
"3619","10/12/2012",1296.98
"3620","10/15/2012",1290.56
"3621","10/16/2012",1287.49
"3622","10/17/2012",1301.28
"3623","10/18/2012",1311.21
"3624","10/19/2012",1307.71
"3625","10/22/2012",1310.42
"3626","10/24/2012",1295
"3627","10/25/2012",1297.39
"3628","10/26/2012",1281.81
"3629","10/29/2012",1279.57
"3630","10/30/2012",1294.43
"3631","10/31/2012",1298.87
"3632","11/1/2012",1297.99
"3633","11/2/2012",1306.6
"3634","11/5/2012",1306.7
"3635","11/6/2012",1300.84
"3636","11/7/2012",1299.74
"3637","11/8/2012",1293.7
"3638","11/9/2012",1290.83
"3639","11/12/2012",1294.5
"3640","11/13/2012",1289.07
"3641","11/14/2012",1279.29
"3642","11/15/2012",1274.02
